,,,Legislation Addressing Moto-Taxis,Driver Requirements,,,,,,,,,Vehicle Requirements,,,,,,,Passenger Safety & Service Standards,,,,,,Membership & Organizational Structure,,,,,"Fees, Financial Requirements",,,,,Other,Compliance Data
,Moto-taxi presence and law,,Legislation Addressing Moto-Taxis,Drivers license,Commercial operating license (PSV etc),ID / Biodata (database),Driver helmet,Helmet quality,Reflector jacket,Visible ID (on jacket or elsewhere),Toxicology screening (apart from alcohol),Driver training,Vehicle registration (logbook),License plate specific to commercial operators,Insurance (third party / liability),Vehicle quality check (recurring),Targets or mandates for electrification,Fiscal incentives for electrification,Non-fiscal incentives for electrification,Passenger helmet,Road behavior / standard of service ,Multiple passenger restriction,Overloading,Safety data sharing w gov (from apps or direct from drivers),Passenger age requirement,Stage membership,Physical or organizational requirements at stages,Association membership,Local authority authorization,Online riders regulated,Joining sector fee(s),Operating Fee,Geographic restrictions,Fares,GPS or other tracking requirements,Other,
Uganda,Written to show commitment. Enforcement a combination of the possible and the bribe-raising. Big gap between policy and police.                        ,Written,Present,Present,No data,Present,Present,Present,Present,Mixed status,Not present,Present,Present,Not present,Present,Present,Present,Mixed status,Present,Present,Present,Present,Not present,No data,Mixed status,Present,No data,It's complicated,Present,Present,Not present,Not present,It's complicated,Not present,,,
,,Enforced,,Sometimes,Rarely / Never,Sometimes,Very commonly,Rarely / Never,Commonly,,,,Rarely / Never,,Rarely / Never,,,,,Rarely / Never,Sometimes,,,,,Sometimes,,Rarely / Never,Rarely / Never,Rarely / Never,Rarely / Never,Sometimes,Rarely / Never,,,,
,,Source,,,,,,,,,,https://udls.co.ug/apply-for-your-full-driving-licence-step-by-step/,2016 Regulation,,,,E-Mobility Strategy,,,2016 Regulation,,2016 Traffic and Road Safety (Motorcycles and Motorised Tricycles) Regulations,,,,,,,,,,,,,,,
,,Notes,,Clear safety benefit; low compliance,Regulate who operates in sector; low compliance,Registration drives often attempted; always fail,Clear safety benefit; reasonable compliance in KLA,"2023 legislation adds ""The helmet referred to in subregulations (4) and (5) shall comply with the standards issued by the
Uganda National Bureau of Standards.”",Occasional reflector jacket crackdown,Required in KCCA; but not enforced and 95%+ non-compliance.,,,A copy of the registration book is required to apply to be a boda boda rider.,,Third party requirement,An inspection report showing motor vehicle roadworthiness is required.,,"Locally-manufactured e-motorcycles pay 0 VAT. However, the process to access this benefit has not been made clear, and no one has accessed it.",,"""Every passenger on a motorcycle shall wear a crash or safety helmet provided by the driver at all times while being carried on the motorcycle.""",Road regulations; low compliance,"Cannot carry more than one passenger, unless that child is 12 or younger",,,"If a passenger is 12 or younger, they must be accompanied by an adult.",Desires for security; few enforcement mechanisms on road,,"Rather than association membership specifically required, PTPE membership required",Part of registration process (fails),,"No fee *specifically for joining sector*, only same fees as to be a motorcycle driver",Tempting revenue raiser - politically blocked as a means of earning votes and undermining opposition leadership in KLA.,Highly desire for ID & security purposes. KCCA v GKMA and passenger realities mean difficult to enforce.,,,,"Drivers license, commercial license, insurance, driver helmet, passenger helmet, all available "
Thailand,Most laws (except passenger helmet wearing) highly enforced on stage riders; most laws (except general traffic laws) not enforced at all on online riders,Written,Present,Present,Present,Present,Present,Present,Present,Present,Not present,Present,Present,Present,Not present,Not present,No data,No data,No data,Present,Present,Not present,Not present,Not present,Not present,Present,No data,Not present,Present,Not present,No data,Present,Not present,Present,Not present,,
,,Enforced,,,,,,Rarely / Never,,,,,,,,,,,,,,,,,,Very commonly,,,,,,,,,,,
,,Source,2004/5 Law,2004/5 Law,2004/5 Law,2004/5 Law,Original 1979 Road Traffic Act,TIS 369-2557,2004/5 Law,2004/5 Law,,2004/5 Law,2004/5 DLT Regulation,2004/5 DLT Regulation,,,,,,(some traffic law?),(some traffic law?),,,,,2004/5 Law,,,,,,,,2004/5 Law,,,
,,Notes,,"Specifically, they must get a commercial drivers license (6/1)","Specifically, they must get a commercial drivers license",Collected by DLT,,,Very key part of the law is that the jacket acts as the authority to work,,,,,Yellow license plate,,,,,,,,,,,,Enforced for stage riders; not enforced for online riders,,,"provincial-level committee (คณะกรรมการประจำจังหวัด) including local admin, traffic, and transport officials govern registration and stage assignments",,,Annual registration fee,No legal restrictions on movement,Regulated by DLT,,,
Indonesia,,Written,Present,Present,No data,No data,Present,Present,Present,Present,Not present,Not present,Present,Not present,Present,Not present,No data,Not present,No data,Present,Present,Present,No data,No data,Not present,Not present,Not present,Not present,No data,Present,No data,No data,No data,Present,Not present,Present,
,,Enforced,,,,,,,,,,,,,,,,,,,,,,,,,,,,,,,,,,,
,,Source,https://peraturan.bpk.go.id/Details/104095/permenhub-no-12-tahun-2019,Indonesia-Reg.-No.-12-of-2019.pdf,,,Indonesia-Reg.-No.-12-of-2019.pdf,Indonesia-Reg.-No.-12-of-2019.pdf,"Indonesia Reg. 12 of 2018, art. 4","Indonesia Reg. 12 of 2018, art. 4",,,,Indonesia-Reg.-No.-12-of-2019.pdf,Highway Code Indonesia,Indonesia-Reg.-No.-12-of-2019.pdf,,,,Indonesia-Reg.-No.-12-of-2019.pdf,,Indonesia-Reg.-No.-12-of-2019.pdf,,,,,,,,Here,,,,https://setkab.go.id/inilah-keputusan-menhub-soal-besaran-tarif-jasa-ojek-dengan-aplikasi/,,Indonesia-Reg.-No.-12-of-2019.pdf,
,,Notes,,The driver has a driver's license C (for under 250 cc engines),,,Drivers and Passengers use Indonesian national standard helmets,Drivers and Passengers use Indonesian national standard helmets,The driver wears a jacket with a material that can reflect light along with the driver's identity,The driver wears a jacket with a material that can reflect light along with the driver's identity,,,,"Requires black background / white lettering, same as private",Pg. 94 Under Law 33/1964 and 34/1964 complusory accident insurance is required,MIn. CC of 110; req having a C license which is only up to 250 cc,,"Had a roughly $400 incentive for e-motos which have a certain level of local value addition. Was removed in 2025, then reinstated, and removed again.",,Drivers and Passengers use Indonesian national standard helmets,,"""The driver does not bring the Passenger more than 1 (one) person""",,,,Not in the 2019 legislation,,Not in the 2019 legislation,,The 2019 regulation spells out quite a bit for the online sector. But for some reason this is considered insufficient and there is an attempt to create new legislation.,,,,"KP 348 has the specific fare calculation for online. From PM 12: For offline: Article 7 - to be negotiated. For online: Article 11-3 sets out a complex scheme, with 11 costs to be factored in, including profit, which probably makes the whole thing pointless.",,"Drivers cannot smoke and drive; drivers must be polite; must wear ""appropriate, neat and clean clothes""",
Rwanda,"Capacity to enforce visible elements (helmet, jacket, movement) high; capacity to enforce fares low; EM: attempts to impose GPS tracking, digital platform membership and plan for parking slots, though not implemented",Written,Present,Present,Present,Present,Present,Present,Present,Not present,Not present,Mixed status,Present,Not present,Present,Present,Present,Present,Present,Present,Present,Present,No data,Mixed status,Not present,Mixed status,Not present,Present,Mixed status,Not present,Present,Present,Not present,Present,Present,Present,
,,Enforced,,,,,,,,,,,,,,,,,,,,,,,,Unknown,,,,,,,,Rarely / Never,Rarely / Never,,
,,Source,RURA 2019,RURA 2019,RURA 2019,RURA 2019,RURA 2019,RS 576:2024,RURA 2019,,,,RURA 2019,,RURA 2019,Police,,,,RURA 2019,,RURA 2019,,,,RURA 2019,,RURA 2019,RURA 2019,,RURA 2019,RURA 2019,,RURA 2019,RURA 2019,https://police.gov.rw/uploads/tx_download/Traffic_Law_2015_02.pdf,
,,Notes,"Regulations have been passed by RURA, City of Kigali and others specifically addressing motorcycle-taxis
EM addition: inclusion of moto-taxis in planning documents, e.g. 2021 National Transport Policy and Strategy for Rwanda and 2020 Kigali Transport Master Plan ",Must be updated annually,"Article 5 requires an ""operation's license"" from RURA",Article 14,Article 23,"RSB has a helmet standard. However, there's no additional clarification that drivers must wear helmets meeting these standards. EM addition: ",Article 23,,,A driving course or training by a certified instructor is required. No specific number of hours set.,"""Motorcycle log books registered on company, cooperative;""",,"""valid commercial insurances for all motorcycles;""","Testing officer will check vehicle, including for a valid inspection certificate",Registration of commercial petrol motos banned in Kigali from Jan 2025,"VAT, excise duty, import duty exemptions",Many others,"Riders required to carry for passenger: ""To have two helmets (2): One for the rider and another for the passenger;""",,"Article 22: ""To transport only one passenger at a time;""",There must be? But I can't find it specifically.,"EM: Data sharing is mandated in the 2021 National Transport Strategy (""Mandate data sharing between transport network companies and government"") but not operationalised through regulation as far as I know (hypothesis: bilateral agreement RURA and/or police and platforms)",Not in the 2019 legislation.,"Initially, stages actually illegal. EM: in the 2013 Kigali TMP, they indicated that CoK allocated in 2021 53 motorcycle parking areas in major zones of the City to regulate parking of motorcycle taxis. In 2019, they set out that riders should ""park and operate in area designated by competent authority"" - unclear the impact this has had. According to companies (Ampersand, Yego), it's mostly free-floating, only very few parking spots planned.","2021 regulation only requires usage of waiting areas, but they are not stages per se","Article 13: ""has demonstrated that he/she belongs to a registered motorcycle public transport service cooperative""","Required for the stage in 2019 law (""To park and operate in area designated by competent authority""), but unclear if local or which authority","Very few online riders in Rwanda
Attempt to make registration mandatory (National Transport Policy and Strategy for Rwanda, 2021: 4.1.6 Taxi services: ""Empanel transport network companies to manage shared ride services via GPS tracking. Ensure that all moto and car taxi operators are operating under one of the empanelled service providers), considered failed (tbc in interviews)","Article 8: ""payment of application fee as indicated in appendix II;""","Article 26: individual operators must pay RWF 23,000 a year",,"Fare meter required But police have since told abamotari they are not required to use them: ""Use of motorcycle Intelligent Connected Fare Meter of a Moto Taxi Metering Platform with Hardware Requirements, Software Features and Backend Platform of an operator licensed by the Regulatory Authority;""","There does seem to be a requirement - because there is a fine for tampering with a GPS. In some places, this GPS requirement is linked to the fare meter. But it's all rather unclear, and seemingly not enforced.","Technically all commercial vehicles should be capped at 60 kph, and have speed governors
EM: distinct characteristics of attempted GPS tracking, linked to the smart/fare meters (Article 8.6 of the 2018 regulations), for police purpose (cf. interview at a platform provider in 2021, indicating data sharing with the police)",
Guatemala,No national law; Antigua Guatemala has banned app-based motorcycle taxis,Written,Not present,,,,,,,,,,,,,,,,,,,,,,,,,,,,,,,,,,
,,Enforced,Unknown,,,,,,,,,,,,,,,,,,,,,,,,,,,,,,,,,,
,,Source,Ley de Transito y su Reglamento ,,,,,,,,,,,,,,,,,,,,,,,,,,,,,,,,,,
,,Notes,"There appears to be no specific national legislation for moto-taxis; transportation of passengers is regulated.  Certain municipalities (e.g., Antigua Guatemala) have prohibited the use of motorcycle ride-hailing apps. The general transit code outlines requirements for pillion riders. ",,,,,,,,,,,,,,,,,,,,,,,,,,,,,,,,,,
Brazil,"Brazil has a designated mototaxi category and surrounding legislation. Ride-hailing app fall outrside of this category as they are designated under ""private"" vehicles.",Written,Fragmented,Present,Present,Present,Present,Present,Present,Not present,Present,Present,Present,Present,Present,Present,Not present,Not present,Not present,Present,Present,Present,Present,Not present,Present,Not present,,Not present,Present,Present,,,,Not present,,Present,
,,Enforced,,,,,,,,,,,,,,,,,,,,,,,,,,,,,,,,,,,
,,Source,Ley 12.009,Ley 12.009,Ley 12.009,Ley 12.009,"RESOLUÇÃO CONTRAN Nº 943, DE 28 DE MARÇO DE 2022; RESOLUÇÃO CONTRAN 940, DE 28 DE MARÇO DE 2022","RESOLUÇÃO CONTRAN 940, DE 28 DE MARÇO DE 2022","Ley 12.009; RESOLUÇÃO CONTRAN Nº 943, DE 28 DE MARÇO DE 2022",,"PORTARIA MTE Nº 612, DE 25 DE ABRIL DE 2024","RESOLUÇÃO CONTRAN Nº 943, DE 28 DE MARÇO DE 2022",Ley 12.009,Ley 12.009,"LEI 13.640 MARCH 26, 2018","RESOLUÇÃO CONTRAN Nº 943, DE 28 DE MARÇO DE 2022",,,,"RESOLUÇÃO CONTRAN 940, DE 28 DE MARÇO DE 2022",RESOLUÇÃO CONTRAN Nº 350 DE 14 DE JUNHO DE 2010,,"RESOLUÇÃO CONTRAN Nº 943, DE 28 DE MARÇO DE 2022",,LEI 14.071 DE OUTUBRO DE 2020,,,,"RESOLUÇÃO CONTRAN Nº 943, DE 28 DE MARÇO DE 2022","LEI 13.640 MARCH 26, 2018",,,,,,"RESOLUÇÃO CONTRAN Nº 943, DE 28 DE MARÇO DE 2022",
,,Notes,"Distinct regulatory regime for ""mototaxis"" and ""motoapps"".  Uber Moto would be classified as: transporte remunerado privado individual de passageiros insted of the commercial passenger transporation service.","Must have had license for 2+ years, Carteira Nacional de Habilitação (CNH) Categoría A.","A ""remunerated activities"" (EAR) endorsement is added to the driver's license. ",,"When operating vehicles for paid transportation as defined in this Resolution, the driver and passenger must wear a motorcycle helmet with a visor or protective goggles/ ","Under general transit law, the motorcycle helmet must be certified by an organization accredited by INMETRO",Wear a safety vest equipped with retroflective devices. ,,"The performance of toxicological examinations provided for in Article 168, paragraphs 6 and 7, as well as in Article 235-B, VII, of the Consolidation of Labor Laws - CLT, approved by Decree-Law No. 5,452 of 1943, by professional drivers of road passenger transport.",Driver must complete training mandated by CONTRAN.,Required in order to receive commercial vehicle license plates. ,Operators under Lei 12.009 must install a commercial (red) plate. App-based motorcycle taxis cannot operate if the vehicle has a commercial plate.,Requirement to contractr Personal Accident Insurance for Passengers (APP) and Mandatory Insurance for Personal Injuries caused by Motor Vehciles on Land (DPVAT). Private Transportation Motorcycles*,Vehicles must undego a semi-annual inspection to verify mandatory and safety equipment. ,,,,"Under general transit law, it is mandatory, for circulation on public roads for the driver and passenger of a motorcycle [...] to wear a motorcycle helmet, properly fastened to the head by the set formed by the chin strap and buckle, under the lower jaw.",There is no specific mention of service requirmenets in the law. The required course includes modules on road behavior and standard of service.,,The maximum towing capacity must be stated in the Digital Registration and Licensing Certificate (CRLV-e).,,"General transit law, established a minimum passenger age of 10 years old. ",,,,Must be registered with the local and federal authorities.,"Online riders fall under private paid passenger transport and is defined as a service not open to the public, for individual or shared trips requested exclusively by users registered on apps or other online platforms. The specific regulations for these services fall under Lei 13.640 and are maked with (*)",,,,,,"Required vehcicle equipment includes leg and engine protection bars, line-cutting device fixed to the handlebars, rear and side metal bars;
Driver must be at least twenty-ne years of age;
CTB Art. 329  Drivers operating the service must present in advance, a negative certificate of criminal distribution record relating to the crimes of homicide, robbery, rape, and corruption of minors, renewable every five years;
",
Colombia,"At a national-level, motorcycle taxis are banned. Some municipalities turn a blind eye, while other have some local decrees allowing their operations. ",Written,Prohibited,,,,,,,,,,,,,,,,,,,,,,,,,,,,,,,,,,
,,Enforced,,,,,,,,,,,,,,,,,,,,,,,,,,,,,,,,,,,
,,Source,https://leyes.co/codigo_nacional_de_transito_terrestre/131.htm; https://www.funcionpublica.gov.co/eva/gestornormativo/norma.php?i=346,,,,,,,,,,,,,,,,,,,,,,,,,,,,,,,,,https://www.eluniversal.com.co/colombia/2025/03/06/nuevas-senales-de-transito-para-motos-en-colombia-cuidado-con-una-multa/#goog_rewarded,
,,Notes,"The general transit regulations, ommit motorcycles as vehicles allowed to offer passenger service. Additional decrees have asked for the direct restriction of motorcycles who are offering transportation services. ",,,,,,,,,,,,,,,,,,,,,,,,,,,,,,,,,Motorcycle lanes in Colombia,
Argentina,"Motorcycle taxis operate in a legal gray area, with only car hailing being regulated. Some cities have passed local ordinances (See: La Rioja - https://www.radiolaciudad947.com.ar/ver_mas.php?id=58956).",Written,Fragmented,,,,,,,,,,,,,,,,,,,,,,,,,,,,,,,,,,
,,Enforced,Sometimes,,,,,,,,,,,,,,,,,,,,,,,,,,,,,,,,,,
,,Source,,,,,,,,,,,,,,,,,,,,,,,,,,,,,,,,,,,
,,Notes,,,,,,,,,,,,,,,,,,,,,,,,,,,,,,,,,,,
Vietnam,Online riders operate in a legal gray area; only car hailing is regulated,Written,Not present,Present,,,Present,Present,,,,,,Not present,Present,Present,Present,Present,Present,,,Present,,,,Not present,,Not present,,Not present,,,Present,,,,
,,Enforced,,,,,,,,,,,,,Rarely / Never,,,,,,,,,,,,,,,,,,,,,,
,,Source,,,,,https://www.fiafoundation.org/media/fgynmocd/aipf-10-year-helmet-law-report-final_r5_spreads.pdf,https://english.luatvietnam.vn/an-ninh-trat-tu/law-on-road-traffic-order-and-safety-2024-no-36-2024-qh15-360844-d1.html,,,,,,,Decree 03/2021/ND-CP,https://en.vietnamplus.vn/new-decree-simplifies-rules-for-vehicle-inspection-centres-post307712.vnp,"Decision 876/QD-TTg, 2022",,,,,https://thuvienphapluat.vn/van-ban/EN/Giao-thong-Van-tai/Law-36-2024-QH15-Road-Traffic-Order-and-Safety/620124/tieng-anh.aspx,,,,,,,,https://thuvienphapluat.vn/van-ban/EN/Giao-thong-Van-tai/Decree-158-2024-ND-CP-Road-Transport/644980/tieng-anh.aspx,,,https://vietnamexploration.com/p/266/motorbike-guide/driving-a-motorcycle-in-vietnam,,,,
,,Notes,No Vietnamese legislation addresses motorcycle-taxis.,,,,Well studied as an example of  imp[roving helmet usage,Helmets must meet standard QCVN 2:2008/BKHCN,,,,,,"Only required for cars, not moto-taxis",Required but low compliance,Motorcycle emission inspections to start in 2025,Targetting 22% electric motorcycles by 2030.,Just registration fee exemption through Feb 2027 and a lower special consumption tax.,"Banned petrol motorcycles from within Hanoi's Ring Road 1 from July 2026, and the ban progresses outwards. every two years",,,Only one additional person except for children under 12; sick people; elderly,,,,,,,,Classified ride-hailing companies as transport companies. Decree 158/2024 explicitly only covers car transport businesses and moto-taxis remain unregulated.,,,Motorcycles banned from expressways nationwide,,,,
Philippines,"There has been a pilot since 2019, while the law awaits congressional approval",Written,Fragmented,,,,,,,,,,,,,,,,,,,,,,,,,,,,,,,Mixed status,,,
,,Enforced,,,,,,,,,,,,,,,,,,,,,,,,,,,,,,,,,,,
,,Source,https://www.abs-cbn.com/news/business/2025/5/6/dotr-to-allow-motorcycle-taxis-to-continue-operating-while-waiting-for-law-1713,,,,,,,,,,,,,,,,,,,,,,,,,,,,,,,https://www.lawyer-philippines.com/articles/legal-basis-for-habal-habal-motorcycle-taxi-operations-in-the-philippines,,,
,,Notes,,,,,,,,,,,,,,,,,,,,,,,,,,,,,,,,"Under the pilot, fares are set for operators (through platforms): P 50 for the firt 2 km, 10 / km for 2-9 km, and 15 / km beyond 9 km. Differetent fares in Cebu.",,,
Malaysia,The Land Public Transport Act 2010 excludes motorcycles; defines e-hailing as vehicles with 4-11 seats only. A 2020 GrabBike pilot was terminated in 2021 citing safety concerns.,Written,Prohibited,,,,,,,,,,,,,,,,,,,,,,,,,,,,,,,,,,
,,Enforced,,,,,,,,,,,,,,,,,,,,,,,,,,,,,,,,,,,
,,Source,https://tcclaw.com.my/wp-content/uploads/2025/08/Land-Public-Transport-Act-2010.pdf,,,,,,,,,,,,,,,,,,,,,,,,,,,,,,,,,,
,,Notes,,,,,,,,,,,,,,,,,,,,,,,,,,,,,,,,,,,
Cambodia,Informal moto-taxis not regulated; ride-hailing apps now regulated as of 2021 under Prakas no.100,Written,Not present,,,,,,,,,,,,,,,,,,,,,,,,,,,Present,,,,,,,
,,Enforced,,,,,,,,,,,,,,,,,,,,,,,,,,,,Unknown,,,,,,,
,,Source,,,,,,,,,,,,,,,,,,,,,,,,,,,,https://www.vdb-loi.com/wp-content/uploads/2021/07/New-regulation-in-Cambodia-on-road-transportation-services-provided-with-the-use-of-digital-technologies.pdf,,,,,,,
,,Notes,,,,,,,,,,,,,,,,,,,,,,,,,,,,,,,,,,,
Laos,Motorcycle-taxis absent; only three-wheelers,Written,Not present,,,,,,,,,,,,,,,,,,,,,,,Not present,,Not present,,,,,,,,,
,,Enforced,,,,,,,,,,,,,,,,,,,,,,,,,,,,,,,,,,,
,,Source,,,,,,,,,,,,,,,,,,,,,,,,,,,,,,,,,,,
,,Notes,,,,,,,,,,,,,,,,,,,,,,,,,,,,,,,,,,,
Taiwan,,Written,Not present,,,,,,,,,,,,,,,,,,,,,,,Not present,,Not present,,,,,,,,,
,,Enforced,,,,,,,,,,,,,,,,,,,,,,,,,,,,,,,,,,,
,,Source,,,,,,,,,,,,,,,,,,,,,,,,,,,,,,,,,,,
,,Notes,High personal motorcycle use & regulations exist for them,,,,,,,,,,,,,,,,,,,,,,,,,,,,,,,,,,
Kenya,2015 law regulations them for now; more comprehensive Bill has been stuck in Senate for several years now,Written,Present,Present,Not present,Present,Present,Present,Present,Present,Not present,Not present,Not present,Not present,Present,Not present,Present,Present,Present,Present,Present,Present,Present,Not present,Present,Not present,Not present,Not present,Not present,Not present,Not present,Not present,Present,Not present,Not present,,
,,Enforced,Rarely / Never,,,,,,Rarely / Never,Rarely / Never,,,,,,,,,,Rarely / Never,,,,,,,,,,,,,,,,,
,,Source,https://new.kenyalaw.org/akn/ke/act/ln/2015/19/eng@2015-03-06,https://kenyalaw.org/kl/fileadmin/pdfdownloads/Acts/TrafficAct_Cap.403_No.37and38of2012Amendments.pdf,,From Andrea's interview with Paul King'ori and other Kenyan regulators,https://new.kenyalaw.org/akn/ke/act/ln/2015/19/eng@2015-03-06,https://new.kenyalaw.org/akn/ke/act/ln/2015/19/eng@2015-03-06,https://new.kenyalaw.org/akn/ke/act/ln/2015/19/eng@2015-03-06/source.pdf,https://new.kenyalaw.org/akn/ke/act/ln/2015/19/eng@2015-03-06/source.pdf,,https://kenyalaw.org/kl/fileadmin/pdfdownloads/Acts/TrafficAct_Cap.403_No.37and38of2012Amendments.pdf,,https://www.the-star.co.ke/news/2026-02-23-what-different-number-plates-mean,https://new.kenyalaw.org/akn/ke/act/ln/2015/19/eng@2015-03-06,https://kenyalaw.org/kl/fileadmin/pdfdownloads/Acts/TrafficAct_Cap.403_No.37and38of2012Amendments.pdf,,Annual budget,,https://new.kenyalaw.org/akn/ke/act/ln/2015/19/eng@2015-03-06,https://kenyalaw.org/kl/fileadmin/pdfdownloads/Acts/TrafficAct_Cap.403_No.37and38of2012Amendments.pdf,https://new.kenyalaw.org/akn/ke/act/ln/2015/19/eng@2015-03-06#sec_10,https://new.kenyalaw.org/akn/ke/act/ln/2015/19/eng@2015-03-06,https://new.kenyalaw.org/akn/ke/act/ln/2022/120/eng@2022-12-31,https://new.kenyalaw.org/akn/ke/act/ln/2015/19/eng@2015-03-06#sec_10,,,,,https://new.kenyalaw.org/akn/ke/act/ln/2022/120/eng@2022-12-31,,,,,,,
,,Notes,"NTSA passed Regulations in 2015. However, they have not ever really been operationalized.",103B(5) in the Traffic Act 2012 require it,"Not required in 2015, 2012 legislation. 2015 regulation only requires that boda bodas have ""third party public service vehicle insurance""",Tracking all SACCOs in Nairobi,Specifically requires helmets be yellow for motorcycle-taxis.,"""...which comply with the standards established by the Kenya Bureau of Standards...""",Every motorcycle must be sold with two reflector jackets with the motorcycle registration number printed on them.,Every motorcycle must be sold with two reflector jackets with the motorcycle registration number printed on them.,,Driving tests are required for a license; but training itself does not seem to be.,Not directly required. Required for insurance; and required for some platforms (such as Uber),"*all* motorcycles, tuktuks have yellow plates.",Requires third party insurance. ,Traffic Act only requires certain basics,,0 VAT on e-motorcycles; 0 excise duty on e-motorcycles,Green plates; others,2015 Regulation requires it,All regulated in the Traffic Act,"6(c) ""not carry more than one person at a time;""",,"TNC regulations 2022 require 6 types of data to be kept for 3 years, and shall provide copies of the records ""on request and after adequate notice"". But TNC 2022 excludes motorcycles.","2(a) ""a child who is less than thirteen years old may be carried together with an adult provided the child is seated between the rider and the adult and wears a helmet designed for children""",Khalwale Bill (2023) would have stages as the foundation of SACCOs,"However, Nakuru County built several sheds for boda boda stages.",,,TNC 2022 regulations exclude motorcycles.,No requirement for commercial operating licence; no requirement for stage; no requirement for association.,No legal requirements specific to motorcycle-taxis (general driving license renewal still required),Nairobi CBD ban from 2015 upheld by courts; never legally overturned by Sakaja though in many ways he stopped enforcing it (but has picked back up recently),No regulations on moto-taxi fares in Kenya.,No requirement for GPS or other tracking (though it's in the Khalwale bill).,,
Tanzania,,Written,Present,Present,Present,Not present,Present,Mixed status,Not present,Present,Not present,Present,Present,Present,Present,Present,Not present,Mixed status,Not present,Mixed status,Present,Present,Not present,Present,Present,Present,No data,Mixed status,Not present,Not present,Present,Present,Present,Not present,Not present,Present,
,,Enforced,,,Sometimes,,,Rarely / Never,,Rarely / Never,,Rarely / Never,,Sometimes,,,,,,,,,,Rarely / Never,,,,,,,,,,,,,
,,Source,https://tanzlii.org/en/akn/tz/act/gn/2020/78/eng@2020-02-07,https://www.tra.go.tz/images/uploads/acts/The_Road_Traffic_Act.pdf,https://media.tanzlii.org/media/legislation/331858/source_file/0f7eb67b9a2ae373/2020-78.pdf,,1973 Road Traffic Act,https://www.tbs.go.tz/uploads/files/LIST%20OF%20COMPULSORY%20TANZANIA%20STANDARD%20AS%20OF%20JULY%20%202022.pdf,,https://media.tanzlii.org/media/legislation/331858/source_file/0f7eb67b9a2ae373/2020-78.pdf,,https://www.kaitu.ac.tz/best-bora-kaitu-driving-school-vtc-iringa-mafinga-tanzania-vocational-training-college-new-mpya-posts_35_tanzaniafocused-driving-questions-answers.php,https://media.tanzlii.org/media/legislation/331858/source_file/0f7eb67b9a2ae373/2020-78.pdf,https://media.tanzlii.org/media/legislation/331858/source_file/0f7eb67b9a2ae373/2020-78.pdf,https://www.nps.go.tz/uploads/documents/sw-1751369942-The%20Motor%20Vehicles%20Insurance%20Act.pdf,https://media.tanzlii.org/media/legislation/331858/source_file/0f7eb67b9a2ae373/2020-78.pdf,,,,https://media.tanzlii.org/media/legislation/331858/source_file/0f7eb67b9a2ae373/2020-78.pdf,https://www.tra.go.tz/images/uploads/acts/The_Road_Traffic_Act.pdf,https://www.latra.go.tz/uploads/documents/sw-1737920488-PRIVATE%20HIRE%20SERVICES%20AMENDMENTS%202024.pdf,https://www.tra.go.tz/images/uploads/acts/The_Road_Traffic_Act.pdf,https://www.latra.go.tz/uploads/documents/sw-1668849864-WEBSITE-RIDE%20HAILING.pdf,https://www.latra.go.tz/uploads/documents/sw-1737920488-PRIVATE%20HIRE%20SERVICES%20AMENDMENTS%202024.pdf,https://media.tanzlii.org/media/legislation/331858/source_file/0f7eb67b9a2ae373/2020-78.pdf,,https://allafrica.com/stories/201310080089.html,,,https://www.downtoearth.org.in/africa/solving-one-crisis-by-deepening-another-critics-question-tanzanias-decision-to-tax-imported-vehicles-and-fund-its-hiv-response,https://media.tanzlii.org/media/legislation/331858/source_file/0f7eb67b9a2ae373/2020-78.pdf,https://media.tanzlii.org/media/legislation/331858/source_file/0f7eb67b9a2ae373/2020-78.pdf,https://media.tanzlii.org/media/legislation/331858/source_file/0f7eb67b9a2ae373/2020-78.pdf,,https://www.tra.go.tz/images/uploads/acts/The_Road_Traffic_Act.pdf,
,,Notes,"Regulated by LATRA regulations of 2020 (Amended 2021, 2023, 2024)","All motor vehicle drivers require it under section III. Furthermore, it's listed in the Transport Licensing (Motorcycles and Tricycles (Amendment) Regulations), 2017, as incurring a fine of 50,000 TZS.","It's a ""private hire licence"" as issued by LATRA regulations (2020). I recall only 20,000 or so register a year.",Not mentioned in the forms in the LATRA regulations; only name and phone number.,"""A person shall not drive a two-wheeled or threewheeled motorcycle unless that person is wearing a helmet on
the head""","Laws and regulations do not specify that the helmet must meet a standard, but there is a *compulsory* helmet standard (TZS 1478:2013)","No law (neither Road Traffic Act nor LATRA regulations) actually require riders to wear reflective jackets. However, in some places (such as Moshi), a majority of riders use them anyway, and police are on record encouraging their use.","The 2020 LATRA regulations require helmets be ""marked with special code number as prescribed by the authority,"" but it's not known if this has ever been actualized.",,"Required, but usually not followed.",Motor vehicle registration card is required.,2020 LATRA regulation requires white number plates (yellow are for private vehicles in Tanzania).,In the Motor Vehicles Insurance Act (applicable to all vehicles and motorcycles),2020 LATRA Regulations only requires that the vehicle meets TBS standards.,None. Gov working on an e-mobility policy.,"There were excise duty exemptions in 2023-24, which were later reintroduced.",,"The Road Traffic Act (1973) only requires drivers to wear helmets. However, one condition for a motor cycle licensee is ""in case of a motor cycle, he provides two helmets marked with special code number as prescribed by the authority."" Confirmed by Global Road Status Report 2023: https://www.grsproadsafety.org/botnarcrsc/wp-content/uploads/2023/06/Tanzania-World-Health-Organization-Road-Safety-Country-Profile-2018.pdf",Regulated by Road Traffic Act for all motorcycles.,2024 Amendment clarifies that they can only carry one passenger.,"Road Traffic Act stipulates that the ""maximum permissible weight"" shall not be exceeded; yet does not specify what it is for motorcycles.",LATRA required that Ride Operators (ride-hailing platforms) should make an API to provide several data points.,2024 LATRA Amendment specifies that motorcycles cannot carry a passenger younger than nine (9) years old.,"2020 LATRA Regulations stipulate that ""a motor cycle or motor tricycle is parked at an area designated by competent authority except for
those providing ride hailing services""",,"In 2013, the TZ gov required boda riders form associations; not clear what has happened since then","Only insofar as that ""competent authorities"" are to designate parking areas and restrict riders from certain areas. However there is usually a discussion of some kind.","LATRA has regulated fares, commissions and more for ride-hailing taxis, but not for boda bodas","Upon vehicle registration, one must pay a HIV Response Levy of 50k at vehicle registration","2,000 TZS / year for private hire publice service licence","2020 regulations allow for ""competent authorities"" to restrict them from certain areas. In Dar es Salaam, they have been previously banned from the CBD, but this was rescinded in 2022.","1) Fare meters are technically required by LATRA 2020 regulation, but this has never been enforced.
2) (Order No. LATRA/01/2022): LATRA attempted to regulate fares on ride-hailing taxi (NOT BODA) services in mainland TZ. This included a different fare for 11 PM to 5 AM (roughly 5% more). The ride-hailing fare per km was set at 900 TZS per km, and 100 TZS per minute, with a minimum fare of 3,000 and a maximum commission of 15%.",,Section 62-(5) requires all public service vehicles to be fitted with a speed governor (or similar device),
Zambia,"Explicitly bans motorcycle-taxis in most recent version of act. In 2002 version, it seems ambiguous.",Written,Prohibited,,,,,,,,,,,,,,,,,,,Present,,,,,,,,,,,,,,,
,,Enforced,,,,,,,,,,,,,,,,,,,,,,,,,,,,,,,,,,,
,,Source,https://www.parliament.gov.zm/sites/default/files/documents/acts/Roads%20and%20Road%20Traffic%20Act.pdf,,,,,,,,,,,,,,,,,,,"https://www.parliament.gov.zm/sites/default/files/documents/acts/Roads%20and%20Road%20Traffic%20Act.pdf

",,,,,,,,,,,,,,,
,,Notes,"Motorcycles can only be classified as private vehicles, not PSVs. This is in SECTION 258-THE ROADS AND ROAD TRAFFIC (DRIVING
LICENCE) REGULATIONS, Part IV Miscellaneous, 23.",,,,,,,,,,,,,,,,,,,Section 224,,,,,,,,,,,,,,,
South Africa,,Written,Not present,,,,,,,,,,,,,,,,,,,,,,,,,,,,,,,,,,
,,Enforced,,,,,,,,,,,,,,,,,,,,,,,,,,,,,,,,,,,
,,Source,,,,,,,,,,,,,,,,,,,,,,,,,,,,,,,,,,,
,,Notes,,,,,,,,,,,,,,,,,,,,,,,,,,,,,,,,,,,
Malawi,No specific legislation for moto-taxis; regulated under general Road Traffic Act provisions,Written,Not present,Present,Not present,Not present,Present,Not present,Not present,Not present,Not present,No data,,Not present,Present,,,Present,,Present,Present,Present,Prohibited,Not present,Not present,Not present,Not present,Not present,Not present,,,,Not present,Not present,Not present,,
,,Enforced,,,,,,,,,,,,,,,,,,,,,,,,,,,,,,,,,,,
,,Source,https://malawilii.org/akn/mw/act/1997/26/eng@2014-12-31,https://media.malawilii.org/media/legislation/11927/source_file/787e847530fc531f/1997-26.pdf,,,https://media.malawilii.org/media/legislation/11927/source_file/787e847530fc531f/1997-26.pdf,,,,,,,,,,,https://africaema.org/research/malawi-e-mobility-brief/,,,,https://malawilii.org/akn/mw/act/1997/26/eng@2014-12-31,https://malawilii.org/akn/mw/act/1997/26/eng@2014-12-31,,,,,,,,,,,,,,
,,Notes,,"Road Traffic Act, 1997",No legislation on moto-taxis specifically,No legislation on moto-taxis specifically,Road Traffic Act 1997; 109(3),There is not even a specific helmet standard in Malawi,Not technically in the Road Traffic Act or elsewhere; just encouraged by the police,"However, bicycles still have license plates in Malawi",,Road Traffic Act not clear on this.,,,All motor vehicles required to have third party insurance in the Road Traffic Act,,,,,Required in the Road Traffic Act 109(3),,"""Subject to the provisions of subsection (2), not more than two persons shall ride upon a motor cycle on a public road, excluding a person riding in a side-car attached to such motor cycle.""","Prohibited but barely. ""No person or animal or object shall be carried on a motor cycle, motor tricycle or motor quadrucycle
on a public road in front of the driver thereof:
Provided that an object of a non-bulky nature may be so carried if securely attached to the motor cycle, motor tricycle or motor quadrucycle or placed in a suitable carrier fitted thereon for that purpose and carried in such a way as not to obstruct the driver’s view or prevent his exercising complete control over such motor cycle, motor tricycle or motor quadrucycle.""",Essentially no apps in Malawi,Can't find in Road Traffic Act,,,,"However, middlemen / patrons are known to get involved",,,,,,,,
Nigeria,"No nationwide law; okadas banned in Lagos, Abuja",Written,Fragmented,Present,,,,,,,,,,,,,,,,,,,,,,,,,,,,,,,,,
,,Enforced,,,,,,,,,,,,,,,,,,,,,,,,,,,,,,,,,,,
,,Source,,,,,,,,,,,,,,,,,,,,,,,,,,,,,,,,,,,
,,Notes,"Banned in Lagos. In Oyo State (home of Ibadan), regulations require coded jackets: https://gazettengr.com/reflective-jacket-oyo-govt-gives-okada-riders-seven-day-ultimatum/","All motorcycle drivers must go through an accredited FRSC training course, typically of a month.",,,,,,,,,,,,,,,,,,,,,,,,,,,,,,,,,
Ghana,Was banned; legalized as of Dec 2025,Written,Present,Present,Present,Not present,Present,Present,Not present,Not present,Not present,Not present,Not present,Not present,Present,Present,Present,Mixed status,Present,Present,Present,Not present,Present,No data,Not present,Not present,Not present,Not present,Not present,Not present,Not present,Not present,Not present,Not present,Not present,Present,
,,Enforced,,,,,,,,,,,,,,,,,,,,,,,,,,,,,,,,,,,
,,Source,https://www.ghanaweb.com/GhanaHomePage/business/Parliament-passes-Road-Traffic-Amendment-Bill-2025-2013343,"2004 Road Traffic Act, Part Four - 53",,,"Road Traffic (Amendment) Act, Dec 2025","Road Traffic (Amendment) Act, Dec 2025",,,,https://ir.parliament.gh/bitstream/handle/123456789/2683/ACT%20683%20Rev%20Ed.pdf?sequence=1&isAllowed=y,,,1958 Motor Vehicle (third party insurance) act,"Road Traffic (Amendment) Act, Dec 2025",https://www.mot.gov.gh/files/resources/National_Electric_Vehicle_Policy.pdf,https://cleantechnica.com/2023/11/16/ghana-waives-import-duties-on-electric-vehicles-for-8-years-starting-2024/,"Road Traffic (Amendment) Act, Dec 2025","Road Traffic (Amendment) Act, Dec 2025",https://ir.parliament.gh/bitstream/handle/123456789/2683/ACT%20683%20Rev%20Ed.pdf?sequence=1&isAllowed=y,"Road Traffic (Amendment) Act, Dec 2025",https://ir.parliament.gh/bitstream/handle/123456789/2683/ACT%20683%20Rev%20Ed.pdf?sequence=1&isAllowed=y,https://nrsa.gov.gh/news-and-events/nrsa-to-begin-registration-of-road-transport-service-providers-effective-march-2024/,,,,,,,,,,,,,
,,Notes,"Requires okada riders to also meet the requirements specified by the LIcensing Authority, Regulatory Authority",,"Road Traffic Act requires ""the relevant license"" for commercial vehicles.",,"""A person shall not ride or be ridden on a motorcycle without wearing a protective crash helmet which conforms to the standards developed under this section."" ","""A person shall not ride or be ridden on a motorcycle without wearing a protective crash helmet which conforms to the standards developed under this section."" Also makes it illegal to sell helmets that don't meet standards!",Can't find in the Road Traffic Act of 2004 or 2025 Amedment,Can't find in the Road Traffic Act of 2004 or 2025 Amedment,,"No particular requirement for training, just a test to get a drivers license",,Can't find anything on this in any regulation,,Every six months for commercial vehicles (including motorcycles as later defined),"National EV Policy sets out penetration rates for EVs *generally*, doesn't clarify vehicle modes",Ghana waived import duties on EVs for public transport for 8 years from 2024; this should apply to okadas according to the new regulation but it hasn't been clarified really.,Emissions standards are part of the quality check,"""A person shall not ride or be ridden on a motorcycle without wearing a protective crash helmet which conforms to the standards developed under this section."" ",Regulated by the 2004 and subsequent road traffic acts,"Actually it seems to allow it? ""A person shall not carry more than one other person on a motorcycle unless the motorcycle is consructed or adapted to carry more than one person.""","103 in the Road Traffic Act outlaws ""excessive overall weight"". Nothing specific about motorcycles but doesn't exclude them either.",Not clear whether ride hailing platforms considered to be transport service providers.,"2025 Amendment only says ""a person shall not give a child a ride on a motorcycle while the child uses a protective equipment which does not conform to the standards developed under this section""",,,,,Not regulated yet,,"Doesn't seem to be; however, they must have a license for a commercial vehicle.",,,,"Specifically legislates that motorcycles (and others) cannot ""neglect or refuse"" a traffic director. Additionally, min. age of 25 for okadas (and all commercial vehicle drivers)",
Togo,,Written,Present,Present,Present,Present,Present,Present,Not present,Present,Not present,Fragmented,Present,Not present,Present,Present,Not present,Not present,Not present,Present,Present,Present,Present,Not present,Not present,Not present,Not present,Not present,Present,Present,Not present,Present,Present,Not present,Not present,,
,,Enforced,,,,,,,,,,,,,,,,,,,,,,,,,,,,,,,,,,,
,,Source,https://jo.gouv.tg/sites/default/files/JO/JOS_25_11_2023%20-%2068E%20ANNEE%20N%C2%B0%2086%20BIS.pdf,Art. 17,Art. 6,Art. 17,Décret n° 2013-078/PR du 27 novembre 2013 ,Décret n° 2013-078/PR du 27 novembre 2013 ,,Art. 19,,,Art. 7,,Art. 14 and 7,Art. 14,,,,Décret n° 2013-078/PR du 27 novembre 2013 ,,Art. 24,Art. 24 and 20,,,,,,Art. 12,Art 38,,Art 38,Art 38,,,,
,,Notes,(Pg. 58) 2023 is most recent regulation; there has been earlier regulations,Have had the appropiate driver's license for at least 6 months,All those must have a license d'exploitation,ID or work permit required,relatif au port obligatoire de casque par les conducteurs et les passagers des engins équipés d’un moteur thermique en circulation,relatif au port obligatoire de casque par les conducteurs et les passagers des engins équipés d’un moteur thermique en circulation,,Visible signes d'identification,,Art. 15: taxi drivers need professional driving qualification; Art. 17: no training requirement stated for moto-taxi/tricycle beyond license,Certtificate of registration reguired for operating license,,Valid civil liability insurance covering passengers and third parties mandatory for both operating license and transport authorization,Valid technical inspection certificate (certificat de visite technique) required; Art. 9 renewal requires social compliance proof,,,,relatif au port obligatoire de casque par les conducteurs et les passagers des engins équipés d’un moteur thermique en circulation,,,"Cargo and passenger loads must not exceed authorized limits; Art. 31: fine of 5,000 FCFA per excess passenger",,,,,,Authorisation de transport public issued by local authoritties,"Licensing, approval, and authorization subject to fees set by Transfport and Finance Ministry",,"Licensing, approval, and authorization subject to fees set by Transfport and Finance Ministry","Licensing, approval, and authorization subject to fees set by Transfport and Finance Ministry",,,,
Benin,Long-standing tolerance of moto-taxis and regulation. Note: source legislation difficult to find.,Written,Present,Present,Not present,Mixed status,Present,Not present,Present,Present,Not present,Not present,Present,Not present,No data,No data,No data,No data,No data,No data,No data,No data,No data,No data,No data,No data,Not present,No data,No data,No data,No data,No data,No data,No data,No data,No data,
,,Enforced,,,,,,,,,,,,,,,,,,,,,,,,,,,,,,,,,,,
,,Source,Order no.°2016/MTPT/MISD/DC/SG/CTTT/DGTT/SPC/SER of 7 March 2016,,,,https://www.gouv.bj/article/2610/defaut-port-casque-routes-amende-forfaitaire-fixee-mille-5000-francs-cfa/,,,https://visiter-le-benin.com/les-taxis-motos-zemidjan-iconiques-du-benin/,,,https://www.slateafrique.com/87145/des-taxi-motos-rois-du-benin,,,,,,,,,,,,,,https://shs.cairn.info/revue-l-economie-politique-2009-1-page-59?lang=fr#s1n5,,,,,,,,,,
,,Notes,,,,Identification at commune level,,,Colors differ in different cities,Communes set identification number which is to be on the gilets,,,Needed to register,Commercial vehicles use orange plates; but this isn't mentioned anywhere as applying to moto-taxis,,,,,,,,,,,,,"Self-regulation; park chiefs, elected for 6-12 months at a time",,,,,,,,,,
Cameroon,"Significant presence throughout the country. Holistic laws, but enforcement is often lacking. Compete with share-taxis.",Written,Present,Present,Present,Mixed status,Present,Not present,Present,Present,Not present,Not present,Not present,No data,Present,Not present,Not present,Present,No data,Present,Present,Not present,No data,Not present,No data,Not present,Not present,Not present,Present,Not present,No data,Present,Mixed status,Not present,Not present,,
,,Enforced,,,,,,,,,,,,,,,,,,,,,,,,,,,,,,,,,,,
,,Source,Décret n°2008/3447/PM,https://www.logistiqueconseil.org/Articles/Transport-routier/Moto-taxi.html,https://www.logistiqueconseil.org/Articles/Transport-routier/Moto-taxi.html,https://www.wearetech.africa/en/fils-uk/news/public-management/cameroon-douala-begins-digital-registration-of-moto-taxi-drivers,https://www.logistiqueconseil.org/Articles/Transport-routier/Moto-taxi.htm,,https://www.cameroon-tribune.cm/article.html/67166/fr.html,https://www.memoireonline.com/02/10/3152/m_Les-defis-de-la-securite-routiere-en-milieux-urbain-au-Cameroun-le-cas-des-motos-taxis-a-Yaoun8.html,,,,,Décret 2008/3447/PM,https://www.cameroon-tribune.cm/article.html/67166/fr.html,,https://www.investiraucameroun.com/gestion-publique/0801-21542-automobile-des-exonerations-fiscales-pour-stimuler-la-vente-des-vehicules-electriques-neufs-au-cameroun,https://www.unep.org/technical-highlight/cameroon-accelerates-electric-mobility-bold-tax-incentives,https://www.cameroon-tribune.cm/article.html/67166/fr.html,https://www.scribd.com/document/585547827/resource-center-isanglegal-com-CODE-DE-LA-ROUTE-CAMEROUNAIS-CEMAC,,,,,,,,,,,,,,,,
,,Notes,,Permis de conduire,"You must have an identification number from the municipality. Also, a specific license - S2. In Douala, specific vests from the Communite Urbain were distributed, to give riders legitimacy in operating in the city. However, only 3k given out at the launch, out of maybe 80-100k in the city.",Pilot in Douala only of QR codes for moto-taxi drivers,,,Reflect jackets (gilets) required; each determined by their neighborhood (commune),"All are required to have a gilet with a ""identification de moto-taxi""",,,"However, the 2008 decret requires that the mototaxi has been registered by the MoTransport","Unclear, essentially",,Only to get registered; not recurring,,Halved the import duty in the 2025 loi de finance,Nothing mentioned,Required,In the Code de la Route,Nothing explicitly mentioned. Bend-skins famous for carrying multiple passengers,Can;t find anything specifically,Essentially no apps present in Cameroun,Nothing found on this,However; moto-taxis regulated more by communes (municipal areas) than in most other countries,,Syndicats (unions) are a bit of a mess in Cameroun.,Commune issues ID number; local authorization required,Effectively no online riders in Cameroon,Unclear,Only because there is a specific commercial operating license,"In Yaounde and Douala, there are specific restrictions for moto-taxis",,,,
Democratic Republic of the Congo,In 2024 the PM reportedly issued a decree to regulate them.,Written,Present,Present,,,Present,,Not present,,,,,,Present,,Not present,,,,,Present,,,,,,,,,,,Present,,,,
,,Enforced,,,,,Rarely / Never,,,,,Rarely / Never,,,Rarely / Never,,,,,,,,,,,,,,,,,,,,,,
,,Source,https://africa24tv.com/congo-le-transport-par-motos-taxis-reglemente,"https://www.leganet.cd/Legislation/DroitPenal/Roulage/Loi.078.022.30.08.1978.pdf
https://www.research4cap.org/wp-content/uploads/ral/TransaidAmend-2020-MotorcycleTaxisThreeWheelersDRC-PolicyBrief-AfCAP-RAF2114A-200102.pdf",,,"https://www.leganet.cd/Legislation/DroitPenal/Roulage/Loi.078.022.30.08.1978.pdf
https://www.research4cap.org/wp-content/uploads/ral/TransaidAmend-2020-MotorcycleTaxisThreeWheelersDRC-PolicyBrief-AfCAP-RAF2114A-200102.pdf",,,,,https://www.research4cap.org/wp-content/uploads/ral/TransaidAmend-2020-MotorcycleTaxisThreeWheelersDRC-PolicyBrief-AfCAP-RAF2114A-200102.pdf,,,https://www.radiookapi.net/actualite/2010/09/08/motos-a-kinshasa-assurance-identification-et-port-des-casques-desormais-obligatoires,,,,,,,https://www.leganet.cd/Legislation/DroitPenal/Roulage/Loi.078.022.30.08.1978.pdf,,,,,,,,,,,https://www.radiookapi.net/2024/02/13/actualite/securite/kinshasa-la-police-interdit-aux-moto-taxis-dacceder-la-commune-de,,,,
,,Notes,Need to find the actual note,"equires a Category A license under the 1978 Code de la Route (Loi n° 78/022). However, only 15% have drivers licenses",,,Code de la route (article 54) requires it. Only around 5% of drivers report wearing helmets,,,,,A survey found no riders had any formal training.,,,Third party insurance required; only 1% compliance,,,,,,,Code de la Route Art 33(3) prohibits carrying multiple passengers,,,,,,,,,,,Moto-taxis banned from municipality of Gombe in Kinshasa,,,,
Peru,"No specific legislation for moto-taxis; transportation of passengers is regulated. Nearly all regulation for ""moto-taxis"" is for Three-wheelers",Written,Prohibited,Present,,,,,,,Present,,,,,,,,,,,,,,,Not present,,,,,,,,,,,
,,Enforced,Rarely / Never,,,,,,,,,,,,,,,,,,,,,,,,,,,,,,,,,,
,,Source,https://www.gob.pe/institucion/mtc/normas-legales/7625120-002-2026-mtc; https://img.lpderecho.pe/wp-content/uploads/2025/03/Resolucion-0071-2025-SEL-Indecopi-LPDerecho.pdf,,,,,,,,https://corregidora.gob.mx/portal/realiza-policia-de-corregidora-prueba-toxicologica/,,,,,,,,,,,,,,,https://www.muniate.gob.pe/ate/files/APP/capitulo3.pdf,,,,,,,,,,,
,,Notes,"Only L5 (three-wheelers) are in the legal passenger transportation framework, with motorcycles ommitted. Didi legal case study (above), motorcycles are not allowed to be used for transportation. Since January 2026,  only 1 person can travel on a motorcycle in zones under state of emergency (Lima and Callao). Overall ride-hailing apps are not regulated in Peru.",,,,,,,,"Drug test required, with certificate only valid for 6 months. Believed to have low compliance. For 3W.",,,,,,,,,,,,,,,"For three-wheelers: Ley No 31917 (Oct 2023) and DS No 011-2025-MTC, paraderos (official stops) must have horizontal markings of 1.2 * 3.3 m per vehicle, vertical signage saying ""paradero"", authorized company name, and min. 5 m from intersectinos. Paraderos near schools or markets require a risk assessment. Compliance varies.",,,,,,,,,,,
Honduras,No specific legislation for moto-taxis; transportation of passengers is regulated. ,Written,Not present,,,,,,,,,,,,,,,,,,,,,,,,,,,,,,,,,,
,,Enforced,Unknown,,,,,,,,,,,,,,,,,,,,,,,,,,,,,,,,,,
,,Source,Decreto 240-2011,,,,,,,,,,,,,,,,,,,,,,,,,,,,,,,,,,
,,Notes,"There is no legal framework for the use of motorcycle for commercial passenger transportation. In fact, the law prohibits the travel of 2 male (especifically) riders in a motorcycle across 37 municipalities - a male driver and a female passe can travel together.",,,,,,,,,,,,,,,,,,,,,,,,,,,,,,,,,,
Dominican Republic,,Written,Present,Present,Present,Present,Present,Present,Present,Present,Not present,Not present,Present,Present,Present,Present,No data,No data,No data,Present,Not present,Present,Present,No data,Present,Not present,Present,Not present,Present,Not present,Not present,Not present,Present,Not present,Not present,Present,
,,Enforced,,,,,,,,,,,,,,,,,,,,,,,,,,,,,,,,,,,
,,Source,,Article 75,75,Article 75,Article 77,Article 157,Article 77,Article 77 Para 1,,,Article 39,Article 77,Article 39-4,"Article 40, 39-2",,,,Aticle 157 and 251,,Article 41-6,Article 41-6,,Article 78,,Article 75 para. 2,,Article 75,,,,Article 75 para. 2,,,"Article 41-6,. 78",
,,Notes,"Motorcycle transportation will be authorized by local governments in coordination with INTRANT.  Source: Ley No. 63-17, de Movilidad, Transporte Terrestre, Tránsito y Seguridad Vial de la República Dominicana


",Section VII,"Section VII, only standard license",Cédula (ID),Section VII,Motorcycle helmets must meed norms enacted by INTRANT,,The license plate number must be displayed in the helmet and reflective vest,,,Operators should have documentation showing proof of ownership or right to use the vehicle. ,A unique license plate ID issued by DGII,Third party liability insurance.,"Vehicles will be inspected by the INTRANT yearly in accordance with  ""Protocolo Técnico del Sistema de Revisión Vehicular""",,,,Certified passenger helmet,,Motorcycles have a capacity of 1 pasenger.,Motorcycles have a capacity of 1 pasenger.,,The transportation of minors under the age of 8 years olld is prohibited,,Local ciy halls approve designated staging areas,,Requires criminal record and proof of local residency,,,,Local ciy halls approve designated staging areas,,,Motorcycles for 1 passenger must be less than 10 years old.  Passenger must be at least 8 years old.,
Mexico,"State-level regulation, no national regulation.",Written,Fragmented,,,,,,,,,,,,,,,,,,,,,,,,,,,,,,,,,,
,,Enforced,Unknown,,,,,,,,,,,,,,,,,,,,,,,,,,,,,,,,,,
,,Source,Ley de Movilidad de La Ciudad de Mexico,,,,,,,,,,,,,,,,,,,,,,,,,,,,,,,,,,
,,Notes,"Regulation is at the state and municipal level. For example in Mexico City, Art. 59 of Ley de Movilidad prohibits transportation of passengers",,,,,,,,"In Mexico City, required to test while trying to get a ""licencia de conductor de servicios""",,,,,,,,,,,,,,,,,,,,,,,,,,
Bolivia,No specific legislation for moto-taxis; service is provided informally. ,Written,Not present,,,,,,,,,,,,,,,,,,,,,,,,,,,,,,,,,,
,,Enforced,,,,,,,,,,,,,,,,,,,,,,,,,,,,,,,,,,,
,,Source,Ley General de Transporte,,,,,,,,,,,,,,,,,,,,,,,,,,,,,,,,,,
,,Notes,"Bolivia recognizes ""mototaxis"" but not necessarily 2W  as part of the special or unregulated public transportation. ",,,,,,,,,,,,,,,,,,,,,,,,,,,,,,,,,,
El Salvador,No specific legislation for moto-taxis; motorcycles regulated under general tranportation legislation. ,Written,Not present,,,,,,,,,,,,,,,,,,,,,,,,,,,,,,,,,,
,,Enforced,,,,,,,,,,,,,,,,,,,,,,,,,,,,,,,,,,,
,,Source,Ley de Transporte Terrestre,,,,,,,,,,,,,,,,,,,,,,,,,,,,,,,,,,
,,Notes,,,,,,,,,,,,,,,,,,,,,,,,,,,,,,,,,,,
India,"States have the ultimate authority in permitting motorcycle taxis, the 2025 Aggregator Guidelines were drafter by the central government. Not all states have adopted the guidelines, while some have partially incorporated them. ",Written,Fragmented,Present,,Present,Present,Present,,,,Present,,,Present,Present,Present,,,Present,,,,,,,,,,Present,,,,Present,,Present,
,,Enforced,,,,,,,,,,,,,,,,,,,,,,,,,,,,,,,,,,,
,,Source,Motor Vehicle Aggregator Guidelines 2025 ,Motor Vehicle Aggregator Guidelines 2025 ,,Motor Vehicle Aggregator Guidelines 2025 ,"The Motor Vehicles Act, 1988","The Motor Vehicles Act, 1988",,,,Motor Vehicle Aggregator Guidelines 2025 ,,,Motor Vehicle Aggregator Guidelines 2025 ,Motor Vehicle Aggregator Guidelines 2025 ,Motor Vehicle Aggregator Guidelines 2025 ,,,"The Motor Vehicles Act, 1988",,,,,,,,,,Motor Vehicle Aggregator Guidelines 2025 ,,,,Motor Vehicle Aggregator Guidelines 2025 ,,Motor Vehicle Aggregator Guidelines 2025 ,
,,Notes,"States have the authority to allow private, non-transport, two-wheelers (white plates). For example, Karnataka had previosuly banned moto taxis but has since lifted the ban. 

Motorcycles have been under a ""transport vehicle"" classification since 2004. ",The driver must hold a valid driving licence for the concerned vehicle type or class within which the respective vehicle falls throughout the period of onboarding,,"The driver must hold a valid proof of any identity on the basis of any document listed under Rule 4 of the Central Motor Vehicle Rules, 1989 (“CMVR”); The aggregator shall maintain a digital record pertaining to the on-boarded drivers: photograph, driver's license, present residential address, verified bank account details, emergency contact information.","General traffc laws mandate that every person driving or riding shall, while in a public place, wear protective headgear. ",General traffic laws indicate the protective headgear worn should conform to the standards of Bureau of Indian Standards,,,,"40 hours of training around the app, driving regulations, careful driving, routes, sensitivity and mobility needs and first responder training (6 hours).",,,"Health insurance for not less than Rs. 5 Lakh for ride-sharer, term insurance for not less than Rs. 10 Lakh, Valid third-party insurance policy","Certificate of vehicle fitness, valid pollution-under-control certificate. ","The guidelines include directions for state fovernments to direct aggregators to increment electric, alternate fuel or zero emission vehicles in their fleet.",,,"General traffc laws mandate that every person driving or riding shall, while in a public place, wear protective headgear. ",,,,,,,,,,"Motorcycle transportation through aggregators is governed through the 2020 Aggregator Guidelines, in those states where they have been implemented. ",,,,"Guidelines covered in Section 17. Quite comprehensive, including a base fare, maximum and minimum from it, minimum 3 km trip calculation, and effectively a maximum 20% commission.",Delhi proposed GPS trackers be required in 2023 for EVs; still in development.,"An aggregator shall not onboard vehicles which have been registered for more than a period of eight years from the date of initial registration of the vehicle;
Driver must have a valid bank account under their name;
Driver undergoes a medical fitness and eye examination, and a psychological analysis conducted by the aggregator; 
The driver has not been convited within the past 3 years for any of the following offences: DUI, fraus, sexual offences, use of a motor vehicle to commit a cognizable offernce, a crime involving property damage or theft,a cts of violence, acts of terror or acts constituing nuisance or danger to public. 
",
Pakistan,No specific legislation for moto-taxis; motorcycles regulated under general tranportation legislation. ,Written,Not present,,,,,,,,,,,,,,,,,,,,,,,,,,,,,,,,,,
,,Enforced,,,,,,,,,,,,,,,,,,,,,,,,,,,,,,,,,,,
,,Source,,,,,,,,,,,,,,,,,,,,,,,,,,,,,,,,,,,
,,Notes,,,,,,,,,,,,,,,,,,,,,,,,,,,,,,,,,,,
Nepal,No specific legislation for moto-taxis; motorcycles regulated under general tranportation legislation. ,Written,Not present,,,,,,,,,,,,,,,,,,,,,,,,,,,,,,,,,,
,,Enforced,,,,,,,,,,,,,,,,,,,,,,,,,,,,,,,,,,,
,,Source,Motor Vehicles and Transportation Management Act 1993,,,,,,,,,,,,,,,,,,,,,,,,,,,,,,,,,,
,,Notes,Indicates that private vehicles can't be used for public transportation. This foundational law cover buses and taxis bus does not specify motorcycle taxis. Some provices have laws regulating the use of private vehicles for public transportation such as Bagmati.,,,,,,,,,,,,,,,,,,,,,,,,,,,,,,,,,,
Nicaragua,No specific legislation for moto-taxis; motorcycles regulated under general tranportation legislation. ,Written,Not present,,,,,,,,,,,,,,,,,,,,,,,,,,,,,,,,,,
,,Enforced,,,,,,,,,,,,,,,,,,,,,,,,,,,,,,,,,,,
,,Source,Reglamento de La Ley General de Transito ,,,,,,,,,,,,,,,,,,,,,,,,,,,,,,,,,,
,,Notes,,,,,,,,,,,,,,,,,,,,,,,,,,,,,,,,,,,
Panama,No specific legislation for moto-taxis; motorcycles regulated under general tranportation legislation. ,Written,Not present,,,,,,,,,,,,,,,,,,,,,,,,,,,,,,,,,,
,,Enforced,,,,,,,,,,,,,,,,,,,,,,,,,,,,,,,,,,,
,,Source,Reglamento de Transito Vehicular,,,,,,,,,,,,,,,,,,,,,,,,,,,,,,,,,,
,,Notes,"Only defines ""Selective transportation"" besides buses, which only encompasses taxis.",,,,,,,,,,,,,,,,,,,,,,,,,,,,,,,,,,
Costa Rica,No specific legislation for moto-taxis; motorcycles regulated under general tranportation legislation. ,Written,Not present,,,,,,,,,,,,,,,,,,,,,,,,,,,,,,,,,,
,,Enforced,,,,,,,,,,,,,,,,,,,,,,,,,,,,,,,,,,,
,,Source,,,,,,,,,,,,,,,,,,,,,,,,,,,,,,,,,,,
,,Notes,,,,,,,,,,,,,,,,,,,,,,,,,,,,,,,,,,,
Ecuador,"There is no specific legislation around moto-taxis, instead, laws prohibit more than 1 person in a motorcycle",Written,Fragmented,,,,,,,,,,,,,,,,,,,,,,,,,,,,,,,,,,
,,Enforced,Commonly,,,,,,,,,,,,,,,,,,,,,,,,,,,,,,,,,,
,,Source,010-DIR-ANT-2022,,,,,,,,,,,,,,,,,,,,,,,,,,,,,,,,,,
,,Notes,010-2022 ANT prohibits pillion riders at a national level.,,,,,,,,,,,,,,,,,,,,,,,,,,,,,,,,,,
China,"Enforced in major cities, while rural areas have no ban or no enforcement.",Written,Fragmented,,,,,,,,,,,,,,,,,,,,,,,,,,,,,,,,,,
,,Enforced,Very commonly,,,,,,,,,,,,,,,,,,,,,,,,,,,,,,,,,,
,,Source,https://www.sixthtone.com/news/1017048,,,,,,,,,,,,,,,,,,,,,,,,,,,,,,,,,,
,,Notes,"While they are not banned at the national level, they face bans in most major municipalities (Guangzhou; Beijing; Shanghai and others), but pilots in Hainan and elsewhere with DiDi Moto",,,,,,,,,,,,,,,,,,,,,,,,,,,,,,,,,,
Mozambique,,Written,Not present,,,,,,,,,,,,,,,,,,,,,,,,,,,,,,,,,,
,,Enforced,Unknown,,,,,,,,,,,,,,,,,,,,,,,,,,,,,,,,,,
,,Source,https://www.inatro.gov.mz/wp-content/uploads/2019/08/RTA-2019-BR_35_2019-de-10-de-Maio-Regulamento-de-Transporte-Automovel.pdf,,,,,,,,,,,,,,,,,,,,,,,,,,,,,,,,,,
,,Notes,No national-level legislation. Attempts to ban or regulate at municipal level (especially in Nampula) have not been successful.,,,,,,,,,,,,,,,,,,,,,,,,,,,,,,,,,,
Saudi Arabia,,Written,Prohibited,,,,,,,,,,,,,,,,,,,,,,,,,,,,,,,,,,
,,Enforced,,,,,,,,,,,,,,,,,,,,,,,,,,,,,,,,,,,
,,Source,https://www.spa.gov.sa/en/N2397478,,,,,,,,,,,,,,,,,,,,,,,,,,,,,,,,,,
,,Notes,"Motorcycle-taxis cannot get a license to offer ""ride services"", and ""unlicensed transport"" face penalties. More information in this link.",,,,,,,,,,,,,,,,,,,,,,,,,,,,,,,,,,
Yemen,"Yemen has multiple governing authorities; none are known to have explicitly allowed moto-taxis, and they have been prohibited at the municipal level.",Written,Fragmented,,,,,,,,,,,,,,,,,,,,,,,,,,,,,,,,,,
,,Enforced,Sometimes,,,,,,,,,,,,,,,,,,,,,,,,,,,,,,,,,,
,,Source,https://www.nbcnews.com/news/mideast/yemen-officials-seize-motorcycles-combat-al-qaeda-attacks-n230096,,,,,,,,,,,,,,,,,,,,,,,,,,,,,,,,,,
,,Notes,Banned in most urban centers but not nation-wide,,,,,,,,,,,,,,,,,,,,,,,,,,,,,,,,,,
Uzbekistan,Motorcycle-taxis not present in Uzbekistan.,Written,Not present,,,,,,,,,,,,,,,,,,,,,,,,,,,,,,,,,,
,,Enforced,,,,,,,,,,,,,,,,,,,,,,,,,,,,,,,,,,,
,,Source,,,,,,,,,,,,,,,,,,,,,,,,,,,,,,,,,,,
,,Notes,,,,,,,,,,,,,,,,,,,,,,,,,,,,,,,,,,,
Japan,,Written,Prohibited,,,,,,,,,,,,,,,,,,,,,,,,,,,,,,,,,,
,,Enforced,Very commonly,,,,,,,,,,,,,,,,,,,,,,,,,,,,,,,,,,
,,Source,https://laws.e-gov.go.jp/law/326AC0000000183/,,,,,,,,,,,,,,,,,,,,,,,,,,,,,,,,,,
,,Notes,"Commercial passenger transport requires Class 2 license, which excludes motorcycles.",,,,,,,,,,,,,,,,,,,,,,,,,,,,,,,,,,
South Korea,,Written,Prohibited,,,,,,,,,,,,,,,,,,,,,,,,,,,,,,,,,,
,,Enforced,,,,,,,,,,,,,,,,,,,,,,,,,,,,,,,,,,,
,,Source,https://www.law.go.kr/LSW/lsInfoP.do?lsId=001749#0000,,,,,,,,,,,,,,,,,,,,,,,,,,,,,,,,,,
,,Notes,"""No automobile other than a commercial automobile (hereinafter referred to as a “privately-owned automobile”) may be provided or leased for transportation for a fee"" in the Passenger Transport Service Act",,,,,,,,,,,,,,,,,,,,,,,,,,,,,,,,,,
Bangladesh,,Written,Present,,,,,,,,,,,,,,,,,,,,,,,,,,,Present,,,,,,,
,,Enforced,,,,,,,,,,,,,,,,,,,,,,,,,,,,,,,,,,,
,,Source,https://easts.info/on-line/proceedings/vol.12/pdf/PP2543.pdf,,,,,,,,,,,,,,,,,,,,,,,,,,,https://easts.info/on-line/proceedings/vol.12/pdf/PP2543.pdf,,,,,,,
,,Notes,"Ridesharing Service Policy, 2017",,,,,,,,,,,,,,,,,,,,,,,,,,,,,,,,,,
Myanmar,Motorcycles generally are banned in capital Yangon; no nation-wide law elsewhere.,Written,Fragmented,,,,,,,,,,,,,,,,,,,,,,,,,,,,,,,,,,
,,Enforced,,,,,,,,,,,,,,,,,,,,,,,,,,,,,,,,,,,
,,Source,https://www.economist.com/asia/2019/01/19/motorbikes-are-oddly-absent-from-myanmars-biggest-city,,,,,,,,,,,,,,,,,,,,,,,,,,,,,,,,,,
,,Notes,,,,,,,,,,,,,,,,,,,,,,,,,,,,,,,,,,,
Egypt,,Written,Not present,,,,,,,,,,,,,,,,,,,,,,,,,,,,,,,,,,
,,Enforced,,,,,,,,,,,,,,,,,,,,,,,,,,,,,,,,,,,
,,Source,,,,,,,,,,,,,,,,,,,,,,,,,,,,,,,,,,,
,,Notes,Indications are that motorcycles are not included in any framework for commercial motorcycle passenger transport.,,,,,,,,,,,,,,,,,,,,,,,,,,,,,,,,,,
Iraq,,Written,Not present,,,,,,,,,,,,,,,,,,,,,,,,,,,,,,,,,,
,,Enforced,,,,,,,,,,,,,,,,,,,,,,,,,,,,,,,,,,,
,,Source,,,,,,,,,,,,,,,,,,,,,,,,,,,,,,,,,,,
,,Notes,"No such law could be found. Additionally, no law on commercial passenger transport could be found.",,,,,,,,,,,,,,,,,,,,,,,,,,,,,,,,,,
Venezuela,,Written,Present,Present,Present,Present,Present,Present,Present,Present,No data,Not present,Present,Present,Present,Present,No data,No data,No data,Present,Present,Present,Present,No data,Present,Not present,Present,Present,Present,Not present,Not present,Present,Present,Not present,Not present,Present,
,,Enforced,,,,,,,,,,,,,,,,,,,,,,,,,,,,,,,,,,,
,,Source,Decreto 8.495 Transporte Publico de Personas en la Modalidad Indiviual Moto Taxis ,Ibid.,"Decreto 8.495 Transporte Publico de Personas en la Modalidad Indiviual Moto Taxis, art. 35",Ibid.,"Decreto 8.495 Transporte Publico de Personas en la Modalidad Indiviual Moto Taxis, art. 54","Decreto 8.495 Transporte Publico de Personas en la Modalidad Indiviual Moto Taxis, art. 54","Decreto 8.495 Transporte Publico de Personas en la Modalidad Indiviual Moto Taxis, art. 28","Decreto 8.495 Transporte Publico de Personas en la Modalidad Indiviual Moto Taxis, art. 28",,,Decreto 8.495 Transporte Publico de Personas en la Modalidad Indiviual Moto Taxis ,Decreto 8.495 Transporte Publico de Personas en la Modalidad Indiviual Moto Taxis ,"Decreto 8.495 Transporte Publico de Personas en la Modalidad Indiviual Moto Taxis, art. 30","Decreto 8.495 Transporte Publico de Personas en la Modalidad Indiviual Moto Taxis, art. 45",,,,"Decreto 8.495 Transporte Publico de Personas en la Modalidad Indiviual Moto Taxis, art. 54",,Ibid.,"Decreto 8.495 Transporte Publico de Personas en la Modalidad Indiviual Moto Taxis, art. 31",,"Decreto 8.495 Transporte Publico de Personas en la Modalidad Indiviual Moto Taxis, art. 31",,"Decreto 8.495 Transporte Publico de Personas en la Modalidad Indiviual Moto Taxis, art. 36","Decreto 8.495 Transporte Publico de Personas en la Modalidad Indiviual Moto Taxis, art. 36",Ibid.,,,"Decreto 8.495 Transporte Publico de Personas en la Modalidad Indiviual Moto Taxis, art. 42","Decreto 8.495 Transporte Publico de Personas en la Modalidad Indiviual Moto Taxis, art. 31",,,Ibid.,
,,Notes,"Venezuela has legislation specifically addressing  public transportation offered by motorcycles, outlined in Decreto 8.495",Motorcycle license required for operation,Cedula de servicio individual,Individual Service ID,Driver and passenger must wear certified helmet,Driver and passenger must wear certified helmet,Reflective jacket with INTT code,Reflective jacket with INTT code,,,As part of the registration process,,Poliza de Responsabilidad Civil,The certification is valid for one year after which the vehicle needs to be re-inspected for the renewal applciation.,,,,Driver and passenger must wear certified helmet,Mentioned throughout the document,Specifies a maximum capacity of 2. ,Transporting any cargo abode 15 kgs. ,,"Passengers must be older than 10, younger than 60, and not pregnant. ",,Carta Aval de Parada Terminal,Carta Aval de Parada Terminal,Carta aval de Parada de Terminal,Not directly included in the motorcycle taxi regulations,,Pago de tasas establecidas por el Instituto Nacional de Transporte Terrestre,Specific restrictions based on road type and capacity,,,"100-250 cc engine, ""mototaxi"" letters on vehicle, motorcycle must have a luggage compartment at the rear. ",
Chile,No specific legislation for moto-taxis; motorcycles regulated under general tranportation legislation. However passenger transportation licenses (Class A) ommits motorcycles.,Written,Prohibited,,,,,,,,,,,,,,,,,,,,,,,,,,,,,,,,,,
,,Enforced,,,,,,,,,,,,,,,,,,,,,,,,,,,,,,,,,,,
,,Source,"Ley EAT, Ley Transporte Urbano, Licencia de conductor professional (A)",,,,,,,,,,,,,,,,,,,,,,,,,,,,,,,,,,
,,Notes,Motorcycles are not consider under the professional driver license class. Chile has specific laws for ridehailing apps with no specific definition of what vehicles are included.I,,,,,,,,,,,,,,,,,,,,,,,,,,,,,,,,,,
Paraguay,No specific legislation for moto-taxis; motorcycles regulated under general tranportation legislation. ,Written,Fragmented,,,,,,,,,,,,,,,,,,,,,,,,,,,,,,,,,,
,,Enforced,,,,,,,,,,,,,,,,,,,,,,,,,,,,,,,,,,,
,,Source,Ley Nacional de Transito y Seguridad Vial ,,,,,,,,,,,,,,,,,,,,,,,,,,,,,,,,,,
,,Notes,"Public transportation requires a professional class A license. This classification does not necessarily exclude motorcycles, as it specifies ""all vehicles"", but it appears that it is intended for passenger vehicles.",,,,,,,,,,,,,,,,,,,,,,,,,,,,,,,,,,
Uruguay,No specific legislation for moto-taxis; motorcycles regulated under general tranportation legislation.,Written,Not present,,,,,,,,,,,,,,,,,,,,,,,,,,,,,,,,,,
,,Enforced,,,,,,,,,,,,,,,,,,,,,,,,,,,,,,,,,,,
,,Source,Regulation related to psasenger trasportation. Could not find provincial-level regulation. ,,,,,,,,,,,,,,,,,,,,,,,,,,,,,,,,,,
,,Notes,,,,,,,,,,,,,,,,,,,,,,,,,,,,,,,,,,,
Lebanon,,Written,Not present,,,,,,,,,,,,,,,,,,,,,,,,,,,,,,,,,,
,,Enforced,,,,,,,,,,,,,,,,,,,,,,,,,,,,,,,,,,,
,,Source,,,,,,,,,,,,,,,,,,,,,,,,,,,,,,,,,,,
,,Notes,"No specific motorcycle/taxi regulation. Taxi and ride-hail vehicles are required to have ""commercial-red"" plates, however it is unclear if motorcycles are able to obtain comercial plates for public transportation operations.  ",,,,,,,,,,,,,,,,,,,,,,,,,,,,,,,,,,
Belize,No specific legislation for moto-taxis; motorcycles regulated under general tranportation legislation. Belize also does not have any significant ride-hailing infrastructure,Written,Not present,,,,,,,,,,,,,,,,,,,,,,,,,,,,,,,,,,
,,Enforced,,,,,,,,,,,,,,,,,,,,,,,,,,,,,,,,,,,
,,Source,Motor Vehicle and Road Traffic Act,,,,,,,,,,,,,,,,,,,,,,,,,,,,,,,,,,
,,Notes,A taxi is classifed as a vehicle with a capacity of less than 6 passengers. ,,,,,,,,,,,,,,,,,,,,,,,,,,,,,,,,,,
Ethiopia,Moto-taxis present in regional towns; banned from Addis Ababa in 2019.,Written,Fragmented,,,,,,,,,,,,,,,,,,,Present,,,,,,,,,,,,,,,
,,Enforced,,,,,,,,,,,,,,,,,,,,,,,,,,,,,,,,,,,
,,Source,,,,,,,,,,,,,,,,,,,,https://chilot.wordpress.com/2021/02/10/road-transport-traffic-control-council-of-ministers-amendment-regulation-no-395-2017/,,,,,,,,,,,,,,,
,,Notes,"Motorcycle-taxis banned in Addis since 2019. Nationwide, there is no overarching legislation; 3W dominant in regional cities, 2W also present but mostly in the south.",,,,,,,,,,,,,,,,,,,"""no driver of a motorcycle may load goods on a compartment other than those allowed to load on; or carry more than one passenger.""",,,,,,,,,,,,,,,
Sudan,"Currently disrupted by war. No known motorcycle-taxis, only ""rickshaws"" (3W).",Written,Not present,,,,,,,,,,,,,,,,,,,,,,,,,,,,,,,,,,
,,Enforced,,,,,,,,,,,,,,,,,,,,,,,,,,,,,,,,,,,
,,Source,https://www.aljazeera.net/misc/2011/1/13/%D8%A7%D9%84%D8%B1%D9%83%D8%B4%D8%A9-%D8%AA%D8%BA%D8%B2%D9%88-%D8%B4%D9%88%D8%A7%D8%B1%D8%B9-%D8%A7%D9%84%D8%AE%D8%B1%D8%B7%D9%88%D9%85,,,,,,,,,,,,,,,,,,,,,,,,,,,,,,,,,,
,,Notes,Rickshaws common in Khartoum before the war.,,,,,,,,,,,,,,,,,,,,,,,,,,,,,,,,,,
Algeria,Moto-taxis not believed to be numerous. New legislation for ride-hailing in the works; no known mention of motorcycle taxis.,Written,Not present,,,,,,,,,,,,,,,,,,,,,,,,,,,,,,,,,,
,,Enforced,,,,,,,,,,,,,,,,,,,,,,,,,,,,,,,,,,,
,,Source,https://www.joradp.dz/FTP/jo-francais/2016/F2016013.pdf,,,,,,,,,,,,,,,,,,,,,,,,,,,,,,,,,,
,,Notes,"DÈcret exÈcutif n∞ 16-82 1er mars 2016 sets out taxi rules, but only refers to ""appropriate vehicles"" - does not specify which are appropriate.",,,,,,,,,,,,,,,,,,,,,,,,,,,,,,,,,,
Morocco,"Online moto-taxis present as of recent in Tangiers. However, Interior Minister stated that usage of private vehicles (including motorcycles) for commercial passenger use is illegal.",Written,Prohibited,,,,,,,,,,,,,,,,,,,,,,,,,,,,,,,,,,
,,Enforced,,,,,,,,,,,,,,,,,,,,,,,,,,,,,,,,,,,
,,Source,"https://en.bladi.net/morocco-cracks-down-illegal-motorcycle-taxi-services-major-cities,109378.html",,,,,,,,,,,,,,,,,,,,,,,,,,,,,,,,,,
,,Notes,"Motorcycle-taxis have recently appeared in Tangiers; however, private vehicle usage (including motorcycles) for commercial purposes is illegal.",,,,,,,,,,,,,,,,,,,,,,,,,,,,,,,,,,
Angola,"Moto-taxis present, legalized and regulated under 2022 Presidential Decree. Authorization works around a stop model. ",Written,Present,Present,Present,Present,Present,Present,Present,Present,Not present,Present,Present,Not present,Not present,Present,Not present,Not present,Not present,Present,Present,Fragmented,Present,Not present,Present,Present,Not present,Not present,Present,Not present,Not present,Mixed status,Present,Not present,Not present,,
,,Enforced,,,,,,,,,,,,,,,,,,,,,,,,,,,,,,,,,,,
,,Source,https://files.lex.ao/presidente-da-republica/2022/decreto-presidencial-n-o-123-22-de-30-de-maio/download/decreto-presidencial-n-o-123-22-de-30-de-maio_presidente-da-republica_lex-ao.pdf,Decreto Presidencial n.º 123/22 de 30 de maio de 2022,Decreto Presidencial n.º 123/22 de 30 de maio de 2022,Decreto Presidencial n.º 123/22 de 30 de maio de 2022,Decreto Presidencial n.º 123/22 de 30 de maio de 2022,Decreto Presidencial n.º 123/22 de 30 de maio de 2022,Decreto Presidencial n.º 123/22 de 30 de maio de 2022,"Decreto Presidencial n.º 123/22 de 30 de maio de 2022, artigo 10",,Decreto Presidencial n.º 123/22 de 30 de maio de 2022,Decreto Presidencial n.º 123/22 de 30 de maio de 2022,,,Decreto Presidencial n.º 123/22 de 30 de maio de 2022,,,,Novo Codigo de Estrada de Angola,Decreto Presidencial n.º 123/22 de 30 de maio de 2022,Novo Codigo de Estrada de Angola,Decreto Presidencial n.º 123/22 de 30 de maio de 2022,,Novo Codigo de Estrada de Angola,Decreto Presidencial n.º 123/22 de 30 de maio de 2022,,,Decreto Presidencial n.º 123/22 de 30 de maio de 2022,,,Decreto Presidencial n.º 123/22 de 30 de maio de 2022,Decreto Presidencial n.º 123/22 de 30 de maio de 2022,,,,
,,Notes,Decreto Presidencial n.º 123/22 de 30 de maio de 2022,Carteira Proffisional de Moto-Taxista requires a driver's license. ,"The mandate defines ""Carteira Proffisional de Moto-Taxista"" as the document that allows a driver to operate as a moto-taxi, valid for 5 years.",Required as part of the vehicle licensing process.,"""The moto-taxista must wear a helmet with the charcteristics in appendix IV""",,Added in appendix IV.,"""MOTOTAXi"" and the vehicle license number must be printed on the side of the motorcycle's fuel tank. ",,The candidate must complete a training course. ,The activity can only be perfromed in vehicles properly licensed by the Local Administratrive Authority reposible for tranportation matters. ,,,Required duting initial registration,,,,"Passengers and drivers are required to wear an approved helmet, propperly adjusted and fastened",Hygiene and standard if service. ,Not addressed directly. ,"""Do not transport passengers o cargo above the rated vehicle capacity.""",,"It is prohibited to carry passengers under 7 years of age, unless the vehicle is equipped with a rigid enclosure (not solely for cargo transport). ",Authorization is given for a specific stop.,,,"Local Transit Authorities define stops, allocation of motorcycles, and ultimately the authorization of drivers.",,,"Licensing fees, etc. ",Gives local authorities the power to define operation zones.,,,,
Ivory Coast,"Appeared since 2002; only minor presence in Abidjan, most common in the countryside.",Written,Not present,,,,,,,,,,,,,,,,,,,,,,,,,,,,,,,,,,
,,Enforced,,,,,,,,,,,,,,,,,,,,,,,,,,,,,,,,,,,
,,Source,https://www.scribd.com/document/925975023/motorbike-taxi,,,,,,,,,,,,,,,,,,,,,,,,,,,,,,,,,,
,,Notes,No law on the books either way.,,,,,,,,,,,,,,,,,,,,,,,,,,,,,,,,,,
Madagascar,"No national-level legislation, but the capital Antananarivo voted to allow them to operate in 2023.",Written,Fragmented,,,,,,,,,,,,,,,,,,,,,,,,,,,,,,,,,,
,,Enforced,,,,,,,,,,,,,,,,,,,,,,,,,,,,,,,,,,,
,,Source,https://midi-madagasikara.mg/taxis-moto-linformel-inonde-le-secteur-le-processus-de-formalisation-se-poursuit/,,,,,,,,,,,,,,,,,,,,,,,,,,,,,,,,,,
,,Notes,"Not mentioned in the Code de la Route; but in 2023, the Antananarivo City Council voted to allow them. ",,,,,,,,,,,,,,,,,,,,,,,,,,,,,,,,,,
Iran,Nothing can be found; online motorcycle parcel service is available with Snapp. ,Written,Not present,,,,,,,,,,,,,,,,,,,,,,,,,,,,,,,,,,
,,Enforced,,,,,,,,,,,,,,,,,,,,,,,,,,,,,,,,,,,
,,Source,,,,,,,,,,,,,,,,,,,,,,,,,,,,Smart Passenger Service Provider Guidelines,,,,,,,
,,Notes,Motorcycle-taxis not believed to be present in Iran.,,,,,,,,,,,,,,,,,,,,,,,,,,,"Online taxi regulated here; no mention of motorcycle-taxi, but motorcycle couriers are present.",,,,,,,
Turkey,Little is available. No implicit or explicit rejection of motorcycle usage for taxi services can be found.,Written,Not present,,,,,,,,,,,,,,,,,,,Present,,,,,,,,,,,,,,,
,,Enforced,,,,,,,,,,,,,,,,,,,,,,,,,,,,,,,,,,,
,,Source,https://www.mevzuat.gov.tr/mevzuat?MevzuatNo=2918&MevzuatTur=1&MevzuatTertip=5,,,,,,,,,,,,,,,,,,,https://www.mevzuat.gov.tr/mevzuat?MevzuatNo=2918&MevzuatTur=1&MevzuatTertip=5,,,,,,,,,,,,,,,
,,Notes,Motorcycle-taxis not present. Taxis regulated at municipal level. National legislation does not seem to clarify which vehicle types can be taxis.,,,,,,,,,,,,,,,,,,,"""Bicycle, motorbike, and motorcycle without sidecar drivers are prohibited from carrying other persons unless there is sufficient seating behind the driver, and from carrying loads exceeding the limit specified in the regulations.""",,,,,,,,,,,,,,,
Afghanistan,"Banned the use of private vehicles as taxis in 2025 and banned motorcycles in Kabul in 2020/1, but unclear current status.",Written,Not present,,,,,,,,,,,,,,,,,,,,,,,,,,,,,,,,,,
,,Enforced,,,,,,,,,,,,,,,,,,,,,,,,,,,,,,,,,,,
,,Source,https://www.arabnews.com/node/1659376/world,,,,,,,,,,,,,,,,,,,,,,,,,,,,,,,,,,
,,Notes,Motorcycle-taxis not present; shared taxis dominant form of transport in Kabul. Motorcycles banned in Kabul in 2020/21; current status unclear.,,,,,,,,,,,,,,,,,,,,,,,,,,,,,,,,,,
Burkina Faso,High personal moto use means moto-taxis slower to evolve; now banned in two biggest cities but the ban is not well enforced.,Written,Fragmented,,,,,,,,,,,,,,,,,,,,,,,,,,,,,,,,,,
,,Enforced,Sometimes,,,,,,,,,,,,,,,,,,,,,,,,,,,,,,,,,,
,,Source,https://academiedepolice.bf/index.php/telechargement/category/36-securite-des-transports?download=90:le-decret-portant-conditions-et-modalites-d-exploitation-a-titre-onereux-et-pour-compte-propre-des-velomoteurs-motocyclettes-tricycles-et-quadricycles-a-moteur,,,,,,,,,,,,,,,,,,,,,,,,,,,,,,,,,,
,,Notes,"IN 2012, they were banned in Ouagadougou and Bobo Dioulasso. Otherwise regulated by the same legislation (Decret 2012-559).",,,,,,,,,,,,,,,,,,,,,,,,,,,,,,,,,,
Mali,Regulated in Bamako by Arrete N 067/M-DB (Dec 31 2020) as a result of Teliman. No national status.,Written,Fragmented,Present,,,,,,Present,,,Present,,Present,,,,,,,,Present,,,,,,,,,,Present,,,,
,,Enforced,,,,,,,,,,,,,,,,,,,,,,,,,,,,,,,,,,,
,,Source,https://amap.ml/regulation-du-secteur-des-motos-taxis-le-delai-de-grace-prend-fin-le-30-avril/,,,,,,,https://maliactu.net/mali-larrete-du-maire-du-district-au-sujet-des-motos-taxis-obligation-de-carte-grise-plaque-dimmatriculation-couleur-jaune-limitation-de-vitesse/,,,https://maliactu.net/mali-larrete-du-maire-du-district-au-sujet-des-motos-taxis-obligation-de-carte-grise-plaque-dimmatriculation-couleur-jaune-limitation-de-vitesse/,,https://maliactu.net/mali-larrete-du-maire-du-district-au-sujet-des-motos-taxis-obligation-de-carte-grise-plaque-dimmatriculation-couleur-jaune-limitation-de-vitesse/,,,,,,,,https://maliactu.net/mali-larrete-du-maire-du-district-au-sujet-des-motos-taxis-obligation-de-carte-grise-plaque-dimmatriculation-couleur-jaune-limitation-de-vitesse/,,,,,,,,,,https://maliactu.net/mali-larrete-du-maire-du-district-au-sujet-des-motos-taxis-obligation-de-carte-grise-plaque-dimmatriculation-couleur-jaune-limitation-de-vitesse/,,,,
,,Notes,No national policy; Bamako alone has regulation for moto-taxis,,,,,,,"""'To have an identification number affixed to a plate. This number will be in black on a yellow background, fixed to the front of the motorcycle and assigned by the Bamako District Town Hall""",,,A requirement of the Bamako Arret,,,,,,,,,,"Any load that ""doesn't conform to the rules for motorcycle-taxis"" is not allowed - but unclear what the rules are.",,,,,,,,,,"You can't park it seems? ""Il est interdit aux motos-taxis de ne pas stationner ou d’attendre  sur la chaussée en quête de clients ou pour tous autres motifs.""",,,,
Niger,Present in some cities; largely unregulated.,Written,Not present,,,,,,,,,,,,,,,,,,,,,,,,,,,,,,,,,,
,,Enforced,Rarely / Never,,,,,,,,,,,,,,,,,,,,,,,,,,,,,,,,,,
,,Source,"https://www.scribd.com/document/623261551/Code-de-la-route#content=query:motocycle,pageNum:5,indexOnPage:0,bestMatch:false",,,,,,,,,,,,,,,,,,,,,,,,,,,,,,,,,,
,,Notes,Moto-taxis not explicitly mentioned in the Code de la Route (2014).,,,,,,,,,,,,,,,,,,,,,,,,,,,,,,,,,,
Senegal,"Present through much (but not all) of the country, recently entering Dakar, where the 2012 ban is not enforced, shifting to tacit acceptance and control, yet without a standalone regulatory framework",Written,Fragmented,Present,Not present,No data,Present,No data,No data,No data,Present,Not present,Present,,Present,No data,,Present,,Present,Present,Present,No data,No data,Present,No data,,No data,No data,No data,No data,No data,Present,No data,,,
,,Enforced,Sometimes,,,,,,,,,,Sometimes,,,,,,,Sometimes,,,,,,,,,,,,,,,,,
,,Source,https://actusen.sn/gratuite-de-limmatriculation-des-deux-roues-149-048-dossiers-enroles-dont-124-248-valides/,"Requirement as per traffic regulations (Article 94, category A for motos with engine capacity over 125cc)",,,Yes (traffic laws),,,,,,Traffic laws + Circulaire primatorale numéro 000015/PM/CAB/CT Infrastructure du 13 décembre 2024,License plate mandated by traffic laws (ARTICLE L6) but seemingly not specific to commercial activities,"Part of the requirement to register a vehicle (traffuc laws, article L9)",,,,,Requirement as per traffic laws (ARTICLE D28). ,,"Article D27: prohibited to transport ""more than 2 passengers""",,,"Traffic laws, ARTICLE D27 prohibiting the transport of children below 5 years without specific seats",,,,,,,,,,,,
,,Notes,"No standalone legislation on motos as a commercial mode; rather, use of the general traffic laws to enforce basic rules (logbook, helmet, parking restrictions in public space etc.)
In Dakar specifically: shift from a ban in 2012 (arrêté n°008903 du 29 Octobre 2012), reiterated in 2022, to a mixed approach in 2025 attempting to increase registration (logbook free of charge) while increasing controls of the respect of traffic rules (helmets, spatial uset etc.)",,"I did not find any reference to this, and would assume it does not exist",No information found,"Ambiguity: Article D28 only mentions it for ""passengers"", but 1) the police controls from time to time helmets for drivers and passengers, e.g. seemingly increase in controls in 2025 2) media indicates it is a requirement as per traffic laws",Lack of access to certified helmets criticised by drivers in Tivouane,No information found,No information found,No information found,"Likely not, requested by drivers in Tivouane",Attempt to increase the number of registrations in 2025 with a 5 month period (3+2) where the logbook was free of charge. Claimed increase of the number of registrations by seven (124 248 applications approved over total of 149 048),,"Pilot of Islamic insurance policy in Kaolack in 2025, could be extended to the rest of the country",Unclear,No information found,"Summaries of incentives found in the media, including no VAT or customs duties on 100% electric vehicles, but not the legal basis",Unclear,,"Seemingly more frequent control in 2025 e.g. not driving on sidewalks or using traffic islands, respect of traffic lights, roundabouts, stops, traffic direction","Notion of ""passengers"" not very clear; feeling in the media that it might include the driver in some understanding of the traffic regulations. To be clarified",,No information found,,No information found,,"Existence of local unions, but not much details, likely not in regulation",No information found,No information found,No information found,No information found,Moto taxis prohibited to wait on sidewalks; shall wait at the edge of the sidewalk (Article D19). Police controls mentioned especially at roundabouts,No information found,,,
Guinea,"Banned in Conakry in 2012, they continued to operate and were legalized everywhere except downtown Conakry (Kaloum) in 2023. Note that the complete legal document was not found",Written,Present,Present,No data,No data,Present,Present,Present,Present,No data,No data,Present,No data,No data,No data,No data,No data,No data,Present,No data,Present,Present,No data,No data,No data,No data,No data,No data,No data,No data,No data,Present,No data,,,
,,Enforced,,,,,,,,,,,,,,,,,,,,,,,,,,,,,,,,,,,
,,Source,Arrete A/2023/1092/MT/CAB/SGG du 27 Mars 2023.,Decree 861,,,Decree 857 of March 26 2010,Decree 857 of March 26 2010,Decree 861,Decree 861,,,Arrêté A/2023/1092 communiqué (2023 ,,,,,,,Decree 857 of March 26 2010,,Decree 861,Decree 861,,,,,,,,,,"Decree 861, article 2",,,,
,,Notes,Allowed everywhere except Kaloum (downtown Conakry).,A1 or A license required. ,,,Approved motorcycle helmet must be worn by passenger and driver,Approved motorcycle helmet must be worn by passenger and driver,A light green reflective vest is required for operation. ,A registration number with a red background and white characers on the rear of the motorcycle,,,Vehicle registration required for operation issued by DNTT,,,,,,,Approved motorcycle helmet must be worn by passenger and driver,,Limited to one passenger,Limited to one passenger,,,,,,,,,,"Motorcycle taxis are prohibited in the special zone of Conakry, and exclusively reserved for lacalities in the interior. ",,,,
Sierra Leone,"Explicitly regulated in the Road Traffic Act, 2007.",Written,Present,Present,Present,Fragmented,Present,Present,Present,Present,Not present,Not present,Present,Fragmented,Present,Present,No data,No data,No data,Present,Fragmented,Present,Present,Not present,Not present,Not present,Not present,Not present,Not present,No data,Not present,Present,Present,Present,Not present,,
,,Enforced,,,,,,,,,,,,,,,,,,,,,,,,,,,,,,,,,,,
,,Source,https://www.sierra-leone.org/Laws/2007-5p.pdf,"Road Trafic Act, art. 16","Road Trafic Act, art. 77",,"Road Trafic Act, art. 114","Road Trafic Act, art. 114","Road Trafic Act, art. 79","Road Traffic Act, art. 126",,,"Road Traffic Act, art. 2",,"Road Traffic Act, art. 92","Road Traffic Act, art. 141, 56, 76",,,,"Road Trafic Act, art. 114",,"Road Trafic Act, art. 45, 122","Road Trafic Act, art. 114",,,,,,,The Sierra Leone Public Transport Authority Act,,"Road Traffic Act, at. 126","Road Traffic Act, at. 143","Road Traffic Act, at. 143",,,
,,Notes,"Legalized & regulated by the Road Traffic Act, 2007","Except as otherwise provided in this Act, a person shall not drive a motor vehicle of any description or class on a road unless he is a holder of a driving licence authorizing him to drive a motor vehicle of that description or class",A person shall not drive a commercial vehicle unless he obtains in respect of such vehicle the relevant licence issued by the Licensing Authority,,"A person who rides or is ridden on a motor cycle on a
road shall wear a protective crash helmet of a type prescribed by
regulations made under this Act","A person who rides or is ridden on a motor cycle on a
road shall wear a protective crash helmet of a type prescribed by
regulations made under this Act",Every person operating as a commercial motor cycle shall wear a reflectorised apron,"After registration, the Authority shall, upon the
payment by the applicant of such fees as the Authority may prescribe,
issue to the applicant an identification badge to be worn by him while
on duty as a conductor or apprentice",,Not present beyond required on-road practice for regularar licenses.,A person shall not own or drive a motor vehicle or a motor trailer u,,Duty of owner of motor vehicle in respect of compulsory insurance,"Prescribing precautions to be taken in the interests of the safety and convenience of the public travelling in motor vehicles or otherwise using roads, and providing for the periodical inspection of motor vehicles;",,,,"A person who rides or is ridden on a motor cycle on a
road shall wear a protective crash helmet of a type prescribed by
regulations made under this Act",,A person shall not carry more than one other person on a motor cycle unless it is constructed or adapted for the carriage of more than one person.,A person shall not carry more than one other person on a motor cycle unless it is constructed or adapted for the carriage of more than one person.,,The eact sets sriver age limits but contains no explicit minimum age for passengers,,,,,,,"After registration, the Authority shall, upon the
payment by the applicant of such fees as the Authority may prescribe,
issue to the applicant an identification badge to be worn by him while
on duty as a conductor or apprentice","Without prejudice to the generality of subsection (1), the Authority may make regulations {around authorized} specified areas","Empowering any
person to fix the maximum and minimum
fares and rates which may be charged
in the case of commercial vehicles;",,,
Liberia,First legalized by a 2008 statement; recently also by an MoU between the Police and Motorcyclists Union on 2024.,Written,Present,Present,Fragmented,No data,Present,Not present,Fragmented,Not present,Not present,Present,Present,Not present,Present,No data,No data,No data,No data,Present,Fragmented,Present,Present,Not present,Present,Not present,Not present,Not present,Not present,Not present,Not present,Not present,Present,Not present,Not present,Present,
,,Enforced,Rarely / Never,,,,,,,,,,,,,,,,,,,,,,,,,,,,,,,,,,
,,Source,"(1) https://frontpageafricaonline.com/news/liberia-police-and-motorcyclists-sign-mou-on-road-public-safety/
(2) https://libmsp08.com/wp-content/uploads/2024/05/2008-REGULATION-GOVERNING-MOTORCYCLE-IN-LIBERIA.pdf",2008 Regulation Governing the Operations of Motorbike,Regulation,,Dress code and passenger limit,,Uniformity,,,Qualification,Regulation,,Insurance,,,,,Dress code and passenger limit,,Dress Code and Passenger Limit,Cargo/Goods,,Age,,,Uniformity,,,,,Parking,,,Time/Hour(s) of Operation,
,,Notes,"In April 2024, the police signed an MoU with the Motorcycle and Tricycle Union, which included restricting motorcycles from certain areas.","All motorbikes drivers/operators shall obtain a driver’s license from the Ministry
of Transport to operate motorbike.","The operation does not specify if it must be registered as a commercial bike but instead ""shall be registereed either for commercial use or for personal use""",,"Each motorbike driver/operator shall be required to wear a helmet, and also
have a helmet for its passenger to wear. It is prohibited to drive/operate
and/or carry passenger without helmets worn by both driver and passenger.",,"This section mandates that all drivers operating a motorbike for a commercial purpose shall wear a uniform to
be determined by the Motorbike Driver Organization with subsequent approval by
the Ministry of Transport and the Ministry of Justice as to the nature and style etc
of such uniform. nHowever, there is no specification about this requirement. Online posts and local newspapers mention jackets but have not found legal document outlining this as a reguirement",,,"All applicants applying for a license to drive/operate a motorbike must present
certificate from the Liberia National Police (LNP) or a driving school registered
with the Ministry of Transport and recognized as trainer of motorbike
drivers/operators, certifying that the applicants are trained by said entity to safely
operate/drive such motorbike","All motorbikes, personal or commercial shall be registered with the Ministry of
Transport with appropriate registration license numbered plate, and shall be
registered either for commercial use or for personal use.",,"It is a legal requirement that any and all motorbike(s) owners and operators alike
shall acquire Third Party Liability Insurance at a cost of US$100 for property
damage and medical US$500 for all liabilities arising from the use of a motorbike,
in the event of an accident.",,,,,"Each motorbike driver/operator shall be required to wear a helmet, and also
have a helmet for its passenger to wear. It is prohibited to drive/operate
and/or carry passenger without helmets worn by both driver and passenger.",,"No motorbike driver shall carry more than one (1) passenger at the time
while driving/operating a motorbike. It is prohibited to carry more than one
(1) passenger while driving/operating a motorbike","No motorbike driver/operator shall be allowed to carry cargos/goods on his/her
motorbike at anytime.",,"Only individuals thirteen (13) and above shall be allowed as a passenger on a
motorbike
It is prohibited to carry any child under 13 as a passenger on any motorbike,
whether for commercial use or for personal use.",,,"Notwithstanding, the above and in recognition that all motorbike drivers/operators may not be members of the union",,,,,The Liberia National Police in consultation with the Ministry of Transport shall designate parking space in the approved areas in which motorbikes are allowed to operate,,,"All motorbikes used for commercial purposes, shall operate between the hours of 5am to 8pm. It is strictly prohibited to operate/drive any commercial motorbikes outside of the time designated for such use",
Mauritania,,Written,Not present,,,,,,,,,,,,,,,,,,,,,,,,,,,,,,,,,,
,,Enforced,,,,,,,,,,,,,,,,,,,,,,,,,,,,,,,,,,,
,,Source,https://documents1.worldbank.org/curated/en/878001625140712976/pdf/Mauritania-Transport-Policy-Note.pdf,,,,,,,,,,,,,,,,,,,,,,,,,,,,,,,,,,
,,Notes,Limited moto-taxi presence; no known regulation.,,,,,,,,,,,,,,,,,,,,,,,,,,,,,,,,,,
The Gambia,"Unclear. There was reportedly a ban in 2024, but they continue to operate, and a councillor called for the ban to be lifted. However, the original ban cannot be found, and it is assumed the councillor is referring to the impounding of several motorcycle taxis.",Written,Not present,,,,,,,,,,,,,,,,,,,,,,,,,,,,,,,,,,
,,Enforced,,,,,,,,,,,,,,,,,,,,,,,,,,,,,,,,,,,
,,Source,https://standard.gm/when-laws-lose-their-purposethe-case-for-jakarta-operators-in-rural-gambia/,,,,,,,,,,,,,,,,,,,,,,,,,,,,,,,,,,
,,Notes,No regulations; ambiguous status abused by police to extract bribes.,,,,,,,,,,,,,,,,,,,,,,,,,,,,,,,,,,
Guinea-Bissau,"Widely used, but not mentioned in legislation (nor are they closed out of commercial usage).",Written,Not present,,,,,,,,,,,,,,,,,,,Present,,,,,,,,,,,,,,,
,,Enforced,,,,,,,,,,,,,,,,,,,,,,,,,,,,,,,,,,,
,,Source,https://faolex.fao.org/docs/pdf/gbs121648.pdf,,,,,,,,,,,,,,,,,,,https://observador.pt/2024/07/04/policia-guineense-proibe-conducao-de-motos-sem-capacete-exige-carta-e-limita-passageiros/,,,,,,,,,,,,,,,
,,Notes,Traffic law does not explicitly mention motorcycle-taxis but does not otherwise ban them,,,,,,,,,,,,,,,,,,,Looked into overloading,,,,,,,,,,,,,,,
Cape Verde,Moto-taxis not present; ambiguous or prohibited.,Written,Not present,,,,,,,,,,,,,,,,,,,Present,,,,,,,,,,,,,,,
,,Enforced,,,,,,,,,,,,,,,,,,,,,,,,,,,,,,,,,,,
,,Source,"https://www.scribd.com/document/695121574/Decreto-Legislativo-4-2005-Aprova-o-Novo-CoI-digo-de-Estrada#content=query:passageiro,pageNum:28,indexOnPage:0,bestMatch:false",,,,,,,,,,,,,,,,,,,"https://www.scribd.com/document/695121574/Decreto-Legislativo-4-2005-Aprova-o-Novo-CoI-digo-de-Estrada#content=query:comercial,pageNum:26,indexOnPage:0,bestMatch:false",,,,,,,,,,,,,,,
,,Notes,Somewhat unclear. May effectively be banned.,,,,,,,,,,,,,,,,,,,Mentions sidecars,,,,,,,,,,,,,,,
Chad,Moto-taxis present; however they are missing from legislation.,Written,Not present,,,,,,,,,,,,,,,,,,,,,,,,,,,,,,,,,,
,,Enforced,,,,,,,,,,,,,,,,,,,,,,,,,,,,,,,,,,,
,,Source,https://www.scribd.com/document/695287816/Code-de-la-route-230929-195113,,,,https://www.lepaystchad.com/32133/,,,,,,,,,,,,,,,,,,,,,,,,,,,,,,
,,Notes,Code de la Route does not explicitly allow or disallow motorcycle-taxis.,,,,,,,,,,,,,,,,,,,,,,,,,,,,,,,,,,
Central African Republic,No national-level legislation; have been occasionally banned from Bangui.,Written,Fragmented,,,,,,,,,,,,,,,,,,,,,,,,,,,,,,,,,,
,,Enforced,,,,,,,,,,,,,,,,,,,,,,,,,,,,,,,,,,,
,,Source,https://www.radiondekeluka.org/33836-rca-vers-la-reglementation-du-transport-des-taxis-motos,,,,,,,,,,,,,,,,,,,,,,,,,,,,,,,,,,
,,Notes,"Unclear what law governs it, but ministry of Transport charging 5,000 CFA for a transport permit.",,,,,,,,,,,,,,,,,,,,,,,,,,,,,,,,,,
Republic of the Congo,,Written,Present,Present,Not present,No data,Present,Not present,Present,Present,Fragmented,Present,Present,Not present,Present,Present,No data,No data,No data,Present,Present,Present,Present,No data,Not present,Not present,Not present,Present,Present,No data,No data,No data,Present,Not present,Not present,Present,
,,Enforced,,,,,,,,,,,,,,,,,,,,,,,,,,,,,,,,,,,
,,Source,https://www.primature.gouv.cg/wp-content/uploads/2024/07/Decret_Motocycle.pdf,Regulated by Decree N 2024-324 - Art. 7,,,Regulated by Decree N 2024-324 - Art. 6,,Regulated by Decree N 2024-324 - Art. 7,Regulated by Decree N 2024-324 - Art. 7,Regulated by Decree N 2024-324 - Art. 7,Regulated by Decree N 2024-324 - Art. 7,Regulated by Decree N 2024-324 - Art. 5,,Regulated by Decree N 2024-324 - Art. 5,Regulated by Decree N 2024-324 - Art. 5,,,,Regulated by Decree N 2024-324 - Art. 6,Regulated by Decree N 2024-324 - Art. 3,https://www.primature.gouv.cg/wp-content/uploads/2024/07/Decret_Motocycle.pdf,Regulated by Decree N 2024-324 - Art. 8,,,,,Regulated by Decree N 2024-324 - Art. 6,Regulated by Decree N 2024-324 - Art. 6,,,,Regulated by Decree N 2024-324 - Art. 4,,,https://www.primature.gouv.cg/wp-content/uploads/2024/07/Decret_Motocycle.pdf,
,,Notes,Regulated by Decree N 2024-324,A valid category A license for two-wheeled motorcycles,,,Two helmets: for passenger and driver are required - along with desinfectant ,,"""Numbered fluorescent vest"".","""Numbered fluorescent vest"".",PArtially - driver must hold a medical certificate from a doctor approved by the local authority,"""Hold a certificat de capacité for public passenger transport"" ","""All motorcycles used for public passenger transport must be registered (immatriculé)""",,Motorcycles must be insured,"""All motorcycles used for public passenger transport must undergo a periodic technical inspection""",,,,Two helmets: for passenger and driver are required - along with desinfectant ,Activity subject to road safety and health rules,Article 8: can't carry more than one passenger.,Maximum of 1 passenger,,,,,"exploitation reserved to economic interest groups, enterprises, and professional groupings holding an agrément (approval) issued by the Minister of Transport","exploitation reserved to economic interest groups, enterprises, and professional groupings holding an agrément (approval) issued by the Minister of Transport",,,,"Authorized in the outskirts of major cities, in urban communities lacking any form of public transport, and in rural areas. ",,,"Drivers cannot go over 50 km / h., A sanitary/first-aid kit",
Equatorial Guinea,No known presence of moto-taxis; no moto-taxi regulation either.,Written,Not present,,,,,,,,,,,,,,,,,,,,,,,,,,,,,,,,,,
,,Enforced,,,,,,,,,,,,,,,,,,,,,,,,,,,,,,,,,,,
,,Source,https://minhacienda-gob.com/wp-content/uploads/2020/06/TRABSPORTES-CARRETERA.pdf,,,,,,,,,,,,,,,,,,,,,,,,,,,,,,,,,,
,,Notes,Moto-taxis not explicitly or implicitly outlawed by the general transport law (2019),,,,,,,,,,,,,,,,,,,,,,,,,,,,,,,,,,
Gabon,"Moto-taxis essentially non-existent in Gabon, and outlawed by a definition of public transport which excludes motorcycles.",Written,Prohibited,,,,,,,,,,,,,,,,,,,,,,,,,,,,,,,,,,
,,Enforced,,,,,,,,,,,,,,,,,,,,,,,,,,,,,,,,,,,
,,Source,https://www.scribd.com/document/681950404/DECRET-N-000311,,,,,,,,,,,,,,,,,,,,,,,,,,,,,,,,,,
,,Notes,"Decret N 000311/PR/MTAC defines public urban transport as ""autobus, des bus, des taxi-bus urbains et des taxis urbains"" in Article 6.",,,,,,,,,,,,,,,,,,,,,,,,,,,,,,,,,,
Sao Tome and Principe,"Moto-taxis commonly used, but unregulated.",Written,Not present,,,,,,,,,,,,,,,,,,,,,,,,,,,,,,,,,,
,,Enforced,,,,,,,,,,,,,,,,,,,,,,,,,,,,,,,,,,,
,,Source,https://dgrn.gov.st/leis/Lei/61_codigo_da_Estrada.pdf,,,,https://dgrn.gov.st/leis/Lei/61_codigo_da_Estrada.pdf,,,,,,,,,,,,,,,,,,,,,,,,,,,,,,
,,Notes,Class A license is for motorcycles; Class D is for heavy passenger transport. Could be interpreted as a ban?,,,,Artigo 82 of the Codigo de Estrada,,,,,,,,,,,,,,,,,,,,,,,,,,,,,,
Burundi,Nationally allowed; banned from Bujumbura.,Written,Fragmented,,,,,,,,,,,,,,,,,Present,,,,,,,,,,,,,,,,,
,,Enforced,,,,,,,,,,,,,,,,,,,,,,,,,,,,,,,,,,,
,,Source,https://pnb.gov.bi/documents/1657522240.pdf,,,,,https://pnb.gov.bi/documents/1657522240.pdf,,,,,,,,,,,,https://pnb.gov.bi/documents/1657522240.pdf,,,,,,,,,,,,,,,,,
,,Notes,"Recognized nationally in LOI N° 1/026 DU 23 NOVEMBRE 2012, Article 465; but banned from Bujumbura. Requires that they have a ""certificat de capacite professionnelle"" from the Ministry of Transport.",,,,,Required in Article 468.,,,,,,,,,,,,"""The owner of the motorcycle must have two helmets, one for themselves and the other for the passenger. If the passenger refuses to wear a helmet
for any reason whatsoever, the driver must immediately stop the
service for the passenger under penalty of both being sanctioned."" in Article 469",,,,,,,,,,,,,,,,,
Somalia,No known legislation. Three-wheelers more common. Go! Moto-taxi app operating.,Written,Not present,,,,,,,,,,,,,,,,,,,,,,,,,,,,,,,,,,
,,Enforced,,,,,,,,,,,,,,,,,,,,,,,,,,,,,,,,,,,
,,Source,,,,,,,,,,,,,,,,,,,,,,,,,,,,,,,,,,,
,,Notes,Couldn't access Road Traffic Law.,,,,,,,,,,,,,,,,,,,,,,,,,,,,,,,,,,
South Sudan,South Sudan had bodas when it was established as a state. The country still seems not to have any Road Traffic law whatsoever.,Written,Not present,,,,,,,,,,,,,,,,,,,,,,,,,,,,,,,,,,
,,Enforced,,,,,,,,,,,,,,,,,,,,,,,,,,,,,,,,,,,
,,Source,https://www.wto.org/english/thewto_e/acc_e/ssd_e/wtaccssd6_leg_51.pdf,,,,,,,,,,,,,,,,,,,,,,,,,,,,,,,,,,
,,Notes,Seems that the Road Traffic and Safety Bill never actually passed Parliament.,,,,,,,,,,,,,,,,,,,,,,,,,,,,,,,,,,
Eritrea,"Moto-taxis believed to have limited presence in Eritrea, and no regulation mentions them.",Written,Not present,,,,,,,,,,,,,,,,,,,,,,,,,,,,,,,,,,
,,Enforced,,,,,,,,,,,,,,,,,,,,,,,,,,,,,,,,,,,
,,Source,https://www.loc.gov/resource/lleritrea.eritrean-proc-160-2007/?st=pdf&pdfPage=4,,,,,,,,,,,,,,,,,,,,,,,,,,,,,,,,,,
,,Notes,No known mention of moto-taxis in Eritrean law.,,,,,,,,,,,,,,,,,,,,,,,,,,,,,,,,,,
Djibouti,No known moto-taxi usage; three-wheeler usage common.,Written,Not present,,,,,,,,,,,,,,,,,,,,,,,,,,,,,,,,,,
,,Enforced,,,,,,,,,,,,,,,,,,,,,,,,,,,,,,,,,,,
,,Source,https://tttfp.org/wp-content/uploads/2019/06/Djibouti-Final-Report-1Feb17.pdf,,,,,,,,,,,,,,,,,,,,,,,,,,,,,,,,,,
,,Notes,Not mentioned in any discernible law.,,,,,,,,,,,,,,,,,,,,,,,,,,,,,,,,,,
Comoros,No known moto-taxi presence; no moto-taxi regulation found.,Written,Not present,,,,,,,,,,,,,,,,,,,,,,,,,,,,,,,,,,
,,Enforced,,,,,,,,,,,,,,,,,,,,,,,,,,,,,,,,,,,
,,Source,https://munganyo.km/public/storage/Ru6kwEyNW4W8f8QPy3h8q08rHaIjyQ-metaRMOpY3JldCBOwrAyMC0wNTJQUiBkdSAwMSBhdnJpbCAyMDIwIFByb211bGdhdGlvbiBDb2RlIGRlIGxhIHJvdXRlLnBkZg==-.pdf,,,,,,,,,,,,,,,,,,,,,,,,,,,,,,,,,,
,,Notes,Code de la Route does not mention or explicitly disallow moto-taxis.,,,,,,,,,,,,,,,,,,,,,,,,,,,,,,,,,,
Tunisia,"Recent growth in usage in Tunis especially, but no known regulation.",Written,Not present,,,,,,,,,,,,,,,,,,,,,,,,,,,,,,,,,,
,,Enforced,,,,,,,,,,,,,,,,,,,,,,,,,,,,,,,,,,,
,,Source,https://english.legal-agenda.com/public-transport-in-tunisia-daily-disintegration/,,,,,,,,,,,,,,,,,,,,,,,,,,,,,,,,,,
,,Notes,Moto-taxis not addressed by current law.,,,,,,,,,,,,,,,,,,,,,,,,,,,,,,,,,,
Libya,War has overtaken Libya. No known motorcycle-taxi services.,Written,Not present,,,,,,,,,,,,,,,,,,,,,,,,,,,,,,,,,,
,,Enforced,,,,,,,,,,,,,,,,,,,,,,,,,,,,,,,,,,,
,,Source,https://security-legislation.ly/latest-laws/decree-no-247-of-1994-on-specifying-the-provisions-and-rules-on-traffic-traffic-signals-and-traffic-etiquette/,,,,,,,,,,,,,,,,,,,,,,,,,,,,,,,,,,
,,Notes,"1994 law doesn't clarify, though it does prohibit motorcycles ""from transporting other persons on their cycles unless equipped with another seat.""",,,,,,,,,,,,,,,,,,,,,,,,,,,,,,,,,,
Western Sahara,Effectively ruled from Morocco; no known evidence of motorcycle-taxis in Sahrawi-run areas.,Written,Prohibited,,,,,,,,,,,,,,,,,,,,,,,,,,,,,,,,,,
,,Enforced,,,,,,,,,,,,,,,,,,,,,,,,,,,,,,,,,,,
,,Source,,,,,,,,,,,,,,,,,,,,,,,,,,,,,,,,,,,
,,Notes,Follows Moroccan law in Moroccan-run areas. No known Sahrawi road traffic law.,,,,,,,,,,,,,,,,,,,,,,,,,,,,,,,,,,
Zimbabwe,No known motorcycle-taxi presence or motorcycle-taxi law.,Written,Prohibited,,,,,,,,,,,,,,,,,,,,,,,,,,,,,,,,,,
,,Enforced,,,,,,,,,,,,,,,,,,,,,,,,,,,,,,,,,,,
,,Source,"https://zimlii.org/akn/zw/act/1997/1/eng@2016-12-31
https://bigsky.co.zw/wp-content/uploads/Road-Traffic-Act-Chapter-13-11-updated.pdf",,,,,,,,,,,,,,,,,,,,,,,,,,,,,,,,,,
,,Notes,"""Passenger transport service"" includes omnibuses, taxicabs, or ""any other service that may be prescribed."" However, they have not been prescribed, so they are essentially prohibited. The Road Traffic Act mentions motorcycles, but not motorcycle-taxis.",,,,,,,,,,,,,,,,,,,,,,,,,,,,,,,,,,
Namibia,No known motorcycle-taxi presence. Law more ambiguous than most as it technically allows motor cycles to be defined as motor vehicles.,Written,Not present,,,,,,,,,,,,,,,,,,,,,,,,,,,,,,,,,,
,,Enforced,,,,,,,,,,,,,,,,,,,,,,,,,,,,,,,,,,,
,,Source,https://namiblii.org/akn/na/act/gn/2020/113/eng@2020-04-30,,,,,,,,,,,,,,,,,,,,,,,,,,,,,,,,,,
,,Notes,"As part of Covid, Namibian government restricted ""any person other than the driver on a motorcycle, motor tricycle or pedal cycle."" However, the period of lockdown ended later that year. Additionally, the Road Traffic and Transport Act of 1999 does not mention motorcycles whatsoever, but allows them to be listed as ""motor vehicles"". ",,,,,,,,,,,,,,,,,,,,,,,,,,,,,,,,,,
Botswana,No moto-taxi presence; public service vehicles require a professional driving permit that excludes motor cycles.,Written,Prohibited,,,,,,,,,,,,,,,,,,,,,,,,,,,,,,,,,,
,,Enforced,,,,,,,,,,,,,,,,,,,,,,,,,,,,,,,,,,,
,,Source,https://www.botswanatradeportal.org.bw/kcfinder/upload/files/Chapter%2069.01%20Road%20Traffic.pdf,,,,,,,,,,,,,,,,,,,,,,,,,,,,,,,,,,
,,Notes,"Professional driving permit (PrDP) required for public service vehicles; no category available for motorcycles, and explicitly excluded.",,,,,,,,,,,,,,,,,,,,,,,,,,,,,,,,,,
Lesotho,"No known moto-taxi presence; however, the law seems to leave a loophole in the definition of motor vehicle.",Written,Not present,,,,,,,,,,,,,,,,,,,,,,,,,,,,,,,,,,
,,Enforced,,,,,,,,,,,,,,,,,,,,,,,,,,,,,,,,,,,
,,Source,https://lesotholii.org/akn/ls/act/1981/6/eng@1981-12-31,,,,,,,,,,,,,,,,,,,,,,,,,,,,,,,,,,
,,Notes,"Motor vehicles, and thus public motor vehicles technically includes motor cycles in the 1981 Road Traffic Act.",,,,,,,,,,,,,,,,,,,,,,,,,,,,,,,,,,
Eswatini,"No known moto-taxi presence; definition of commercial transport (as ""road transportation"") excludes motorcycles.",Written,Prohibited,,,,,,,,,,,,,,,,,,,,,,,,,,,,,,,,,,
,,Enforced,,,,,,,,,,,,,,,,,,,,,,,,,,,,,,,,,,,
,,Source,https://eswatinilii.org/akn/sz/act/2007/5/eng@2007-09-20/source,,,,,,,,,,,,,,,,,,,,,,,,,,,,,,,,,,
,,Notes,"The Road Transportation Act of 2007 defines ""road transportation"" as a for reward transport excluding motor cycles.",,,,,,,,,,,,,,,,,,,,,,,,,,,,,,,,,,
Sri Lanka,"Predominantly a three-wheeler country; new app called ""PickMe"" operating in legal gray zone",Written,Not present,,,,,,,,,,,,,,,,,,,,,,,,,,,,,,,,,,
,,Enforced,,,,,,,,,,,,,,,,,,,,,,,,,,,,,,,,,,,
,,Source,https://www.srilankalaw.lk/revised-statutes/alphabetical-list-of-statutes/732-motor-traffic-act.html,,,,,,,,,,,,,,,,,,,,,,,,,,,,,,,,,,
,,Notes,"However, section 102(4d) means that insurers are legally allowed to exclude motorcycles which are carrying another passenger",,,,,,,,,,,,,,,,,,,,,,,,,,,,,,,,,,
Syria,Moto-taxis became common during the war; current government has other priorities and no known legislation exists.,Written,Not present,,,,,,,,,,,,,,,,,,,,,,,,,,,,,,,,,,
,,Enforced,,,,,,,,,,,,,,,,,,,,,,,,,,,,,,,,,,,
,,Source,https://syrianobserver.com/foreign-actors/amid-high-fuel-prices-and-low-income-motorbike-taxi-service-in-azaz.html,,,,,,,,,,,,,,,,,,,,,,,,,,,,,,,,,,
,,Notes,Ad-hoc local motorcycle bans for security reasons. No direct legislation addressing them.,,,,,,,,,,,,,,,,,,,,,,,,,,,,,,,,,,
Kazakhstan,No known operating motorcycle-taxis; not present in legislation.,Written,Not present,,,,,,,,,,,,,,,,,,,,,,,,,,,,,,,,,,
,,Enforced,,,,,,,,,,,,,,,,,,,,,,,,,,,,,,,,,,,
,,Source,https://adilet.zan.kz/eng/docs/Z030000476_,,,,,,,,,,,,,,,,,,,,,,,,,,,,,,,,,,
,,Notes,"Existing ride-hailing legislation requires four-dar vehicles, which could be interpreted as ruling out moto-taxis.",,,,,,,,,,,,,,,,,,,,,,,,,,,,,,,,,,
Jordan,No known motorcycle-taxi presence in Jordan.,Written,Not present,,,,,,,,,,,,,,,,,,,,,,,,,,,,,,,,,,
,,Enforced,,,,,,,,,,,,,,,,,,,,,,,,,,,,,,,,,,,
,,Source,2017 Public Transport Law,,,,,,,,,,,,,,,,,,,,,,,,,,,,,,,,,,
,,Notes,,,,,,,,,,,,,,,,,,,,,,,,,,,,,,,,,,,
Azerbaijan,"No known motorcycle-taxi service, except for one man on social media.",Written,Not present,,,,,,,,,,,,,,,,,,,,,,,,,,,,,,,,,,
,,Enforced,,,,,,,,,,,,,,,,,,,,,,,,,,,,,,,,,,,
,,Source,https://emze.az/ru/novosti/obnovleniya-zakonodatelstva/noviye-trebovaniya-dlya-deyatelnosti-taksi-v-azerbaijane/,,,,,,,,,,,,,,,,,,,,,,,,,,,,,,,,,,
,,Notes,Set of requirements for taxi vehicles requires elements that are not fit for a motorcycle,,,,,,,,,,,,,,,,,,,,,,,,,,,,,,,,,,
Tajikistan,"No known motorcycle-taxi services, no known law.",Written,Prohibited,,,,,,,,,,,,,,,,,,,,,,,,,,,,,,,,,,
,,Enforced,,,,,,,,,,,,,,,,,,,,,,,,,,,,,,,,,,,
,,Source,Nothing found,,,,,,,,,,,,,,,,,,,,,,,,,,,,,,,,,,
,,Notes,,,,,,,,,,,,,,,,,,,,,,,,,,,,,,,,,,,
Kyrgyzstan,"No known motorcycle-taxi services, no known law.",Written,Prohibited,,,,,,,,,,,,,,,,,,,,,,,,,,,,,,,,,,
,,Enforced,,,,,,,,,,,,,,,,,,,,,,,,,,,,,,,,,,,
,,Source,"Law of the Kyrgyz Republic ""On Motor Transport"" (Закон КР ""Об автомобильном транспорте""",,,,,,,,,,,,,,,,,,,,,,,,,,,,,,,,,,
,,Notes,"Defines ""carrier"" as requiring a license/permit",,,,,,,,,,,,,,,,,,,,,,,,,,,,,,,,,,
Turkmenistan,"No known motorcycle-taxi services, no known law.",Written,Not present,,,,,,,,,,,,,,,,,,,,,,,,,,,,,,,,,,
,,Enforced,,,,,,,,,,,,,,,,,,,,,,,,,,,,,,,,,,,
,,Source,,,,,,,,,,,,,,,,,,,,,,,,,,,,,,,,,,,
,,Notes,"Law ""On Motor Transport"" (2 March 2013) - Article 14.1 says ""Passenger transport is subdivided by service type into: bus, route-taxi (marshrutka), and passenger-car taxi"" and excludes motorcycle taxis",,,,,,,,,,,,,,,,,,,,,,,,,,,,,,,,,,
Georgia,"No known motorcycle-taxi services, no known law.",Written,Not present,,,,,,,,,,,,,,,,,,,,,,,,,,,,,,,,,,
,,Enforced,,,,,,,,,,,,,,,,,,,,,,,,,,,,,,,,,,,
,,Source,,,,,,,,,,,,,,,,,,,,,,,,,,,,,,,,,,,
,,Notes,,,,,,,,,,,,,,,,,,,,,,,,,,,,,,,,,,,
Oman,"No known motorcycle-taxi services, no known law.",Written,Not present,,,,,,,,,,,,,,,,,,,,,,,,,,,,,,,,,,
,,Enforced,,,,,,,,,,,,,,,,,,,,,,,,,,,,,,,,,,,
,,Source,https://naql.om/assets/resources/LandRegulationsEnglish.pdf,,,,,,,,,,,,,,,,,,,,,,,,,,,,,,,,,,
,,Notes,,,,,,,,,,,,,,,,,,,,,,,,,,,,,,,,,,,
Mongolia,"No known motorcycle-taxi services, no known law. Motorcycles excluded from the ""Law on Auto Transport"" entirely",Written,Prohibited,,,,,,,,,,,,,,,,,,,,,,,,,,,,,,,,,,
,,Enforced,,,,,,,,,,,,,,,,,,,,,,,,,,,,,,,,,,,
,,Source,"Law on Auto Transport (Автотээврийн тухай хууль), adopted 4 June 1999",,,,,,,,,,,,,,,,,,,,,,,,,,,,,,,,,,
,,Notes,"Article 3.1.1 says """"'auto transport vehicles' shall mean all types of automobiles, trailers and electronic transport vehicles designated for transporting freight and passengers"" - excludes motorcycles",,,,,,,,,,,,,,,,,,,,,,,,,,,,,,,,,,
Kuwait,No known motorcycle-taxi services.,Written,Not present,,,,,,,,,,,,,,,,,,,,,,,,,,,,,,,,,,
,,Enforced,,,,,,,,,,,,,,,,,,,,,,,,,,,,,,,,,,,
,,Source,https://kuwaitarticles.com/wp-content/uploads/2025/04/New-Traffic-Law-in-Kuwait-PDF.pdf,,,,,,,,,,,,,,,,,,,,,,,,,,,,,,,,,,
,,Notes,,,,,,,,,,,,,,,,,,,,,,,,,,,,,,,,,,,
Armenia,"No known motorcycle-taxi services, the law is only applicable to ""passenger-taxi automobiles""",Written,Not present,,,,,,,,,,,,,,,,,,,,,,,,,,,,,,,,,,
,,Enforced,,,,,,,,,,,,,,,,,,,,,,,,,,,,,,,,,,,
,,Source,"Law ""On Motor Transport"" (No. ՀՕ-233-Ն, 5 Dec 2006, as amended through July 2025)",,,,,,,,,,,,,,,,,,,,,,,,,,,,,,,,,,
,,Notes,"Article 17.2 only discusses ""passenger-taxi automobile"". It is illegal to operate one without a taximeter or notification to competent authority - but nothing at all about motorcycles.",,,,,,,,,,,,,,,,,,,,,,,,,,,,,,,,,,
Qatar,"No known motorcycle-taxi services, moto-taxis prohibited by way of excluding motorcycles from public vehicle licenses.",Written,Prohibited,,,,,,,,,,,,,,,,,,,,,,,,,,,,,,,,,,
,,Enforced,,,,,,,,,,,,,,,,,,,,,,,,,,,,,,,,,,,
,,Source,https://www.almeezan.qa/LawView.aspx?opt&LawID=3993&language=en,,,,,,,,,,,,,,,,,,,,,,,,,,,,,,,,,,
,,Notes,"Traffic Law No.19 of 2007 has public vehicle licenses which are only aplicable for ""private vehicles...with a maximum capacity not exceeding 7 passengers excluding driver."" Penalizable to drive a vehicle with the wrong license type.",,,,,,,,,,,,,,,,,,,,,,,,,,,,,,,,,,
Bahrain,"No known motorcycle-taxi services, moto-taxis prohibited by way of excluding motorcycles from public vehicle licenses.",Written,Not present,,,,,,,,,,,,,,,,,,,,,,,,,,,,,,,,,,
,,Enforced,,,,,,,,,,,,,,,,,,,,,,,,,,,,,,,,,,,
,,Source,Traffic Law No. 23 of 2014 + Public Transport Activities Licensing Regulations,,,,,,,,,,,,,,,,,,,,,,,,,,,,,,,,,,
,,Notes,Distinct classes for motorcycle and public transport licenses. Final regulation of Ministerial Resolution No.10/2018 unclear / not found. ,,,,,,,,,,,,,,,,,,,,,,,,,,,,,,,,,,
Bhutan,"No known motorcycle-taxi services, law only applies to light vehicle taxis, unclear if an offense.",Written,Not present,,,,,,,,,,,,,,,,,,,,,,,,,,,,,,,,,,
,,Enforced,,,,,,,,,,,,,,,,,,,,,,,,,,,,,,,,,,,
,,Source,"Road Safety and Transport Act, 1999",,,,,,,,,,,,,,,,,,,,,,,,,,,,,,,,,,
,,Notes,"A ""professional driver licence (for taxis)"" is required which needs light vehicle driving test.",,,,,,,,,,,,,,,,,,,,,,,,,,,,,,,,,,
,,Written,,,,,,,,,,,,,,,,,,,,,,,,,,,,,,,,,,,
,,Enforced,,,,,,,,,,,,,,,,,,,,,,,,,,,,,,,,,,,
,,Source,,,,,,,,,,,,,,,,,,,,,,,,,,,,,,,,,,,
,,Notes,,,,,,,,,,,,,,,,,,,,,,,,,,,,,,,,,,,